COMMODITY_DESC,multi_share,cat_trips
BABY FOODS,0.7356293960708222,4123
BABYFOOD,0.5785714285714286,140
YOGURT,0.5776963170857438,17459
FRZN MEAT/MEAT DINNERS,0.5706885772974905,22394
PWDR/CRYSTL DRNK MX,0.5522274881516588,5275
SOUP,0.48524928071456175,23287
FROZEN PIZZA,0.46793015705887514,22794
ISOTONIC DRINKS,0.4639545884578997,5285
VEGETABLES - SHELF STABLE,0.4603132110828537,22413
CAT FOOD,0.4508209298757097,6517
FITNESS&DIET,0.42603911980440096,1636
FRZN VEGETABLE/VEG DSH,0.4234540566186937,12646
DRY MIX DESSERTS,0.42064372918978915,5406
SOFT DRINKS,0.41483682143750095,67993
HISPANIC,0.39652001697552697,14138
BAG SNACKS,0.39508216676810715,41075
CONVENIENT BRKFST/WHLSM SNACKS,0.39158319521510415,13877
BAKING MIXES,0.3813097471634057,11193
DELI MEATS,0.3812610489098409,16970
CHEESE,0.3775308695557822,46081
HAIR CARE PRODUCTS,0.3763795509323861,7883
COLD CEREAL,0.37242740343952635,24829
FRUIT - SHELF STABLE,0.37201546274539526,13193
MEAT - SHELF STABLE,0.36745886654478976,13675
CANDY - CHECKLANE,0.340686384178263,22349
FROZEN,0.3404669260700389,1542
CANDY - PACKAGED,0.3388128286512862,21109
DRY BN/VEG/POTATO/RICE,0.33181265206812655,13152
DOG FOODS,0.3292390230128477,7083
GREETING CARDS/WRAP/PARTY SPLY,0.3276550439180197,7514
LUNCHMEAT,0.32198314582709503,23377
BAKED SWEET GOODS,0.32187025385116075,18436
FRZN JCE CONC/DRNKS,0.32045088566827695,1863
CANNED JUICES,0.3203450025367834,19710
AIR CARE,0.3202321287259298,3791
SUSHI,0.3162118780096308,623
FRZN BREAKFAST FOODS,0.3142896475770925,7264
SNKS/CKYS/CRKR/CNDY,0.3074501573976915,953
MAKEUP AND TREATMENT,0.3030848329048843,3890
CHRISTMAS  SEASONAL,0.2971520687802257,1861
DINNER MXS:DRY,0.29692832764505117,13185
BAKED BREAD/BUNS/ROLLS,0.29585998548547704,59251
PREPARED/PKGD FOODS,0.2929745889387145,669
ICE CREAM/MILK/SHERBTS,0.2928118393234672,19866
FRZN NOVELTIES/WTR ICE,0.290338305547431,10257
WATER,0.28664259927797836,1385
VALENTINE,0.27906976744186046,430
REFRIGERATED,0.27896995708154504,5126
PAPER HOUSEWARES,0.27672955974842767,7632
HOUSEHOLD CLEANG NEEDS,0.2757352941176471,7344
STATIONERY & SCHOOL SUPPLIES,0.27159956474428726,4595
HOME FREEZING & CANNING SUPPLY,0.26490066225165565,151
WAREHOUSE SNACKS,0.26307668569665177,6481
BAKING NEEDS,0.26049766718507,10288
REFRGRATD DOUGH PRODUCTS,0.25933846592529225,14028
COOKIES/CONES,0.25224905303030304,16896
BEEF,0.24959991170465207,36242
HALLOWEEN,0.24878048780487805,615
DRY TEA/COFFEE/COCO MIX,0.2465753424657534,146
FIREWORKS,0.24528301886792453,159
ORAL HYGIENE PRODUCTS,0.24377660260544307,7753
SPICES & EXTRACTS,0.24044704630122404,9395
CONDIMENTS/SAUCES,0.23531405332128333,17704
CRACKERS/MISC BKD FD,0.23525752121939297,22503
COFFEE SHOP,0.23243243243243245,185
BEANS - CANNED GLASS & MW,0.23141195134849285,9455
CANDLES/ACCESSORIES,0.22914911541701768,1187
DOLLAR VALUE PRODUCTS,0.2275449101796407,167
DIETARY AID PRODUCTS,0.22573363431151242,1772
MAGAZINE,0.2255586592178771,7160
PASTA SAUCE,0.22367969821673525,11664
NATURAL HBC,0.2222222222222222,36
CEREAL/BREAKFAST,0.22016460905349794,1458
PNT BTR/JELLY/JAMS,0.21726046014950004,10301
RESTRICTED DIET,0.21621621621621623,37
RICE CAKES,0.21543408360128619,1244
FLUID MILK PRODUCTS,0.21493242744258179,67705
EASTER,0.21428571428571427,560
SALD DRSNG/SNDWCH SPRD,0.2141612069483681,16637
SHOE CARE,0.21171171171171171,222
FRZN FRUITS,0.2105742935278031,1097
COLD AND FLU,0.21023198011599006,4828
DOMESTIC WINE,0.20836112964198356,4497
FD WRAPS/BAGS/TRSH BG,0.20644007155635063,11180
SALADS/DIPS,0.2056417960273744,5991
ETHNIC PERSONAL CARE,0.20202020202020202,297
DRY SAUCES/GRAVY,0.20117519715478582,6467
INFANT CARE PRODUCTS,0.19698314108251996,1127
VEGETABLES - ALL OTHERS,0.19316502463054186,16240
MOLASSES/SYRUP/PANCAKE MIXS,0.19181130396083668,4494
BIRD SEED,0.19157088122605365,261
CHEESES,0.19093736117281207,11255
CONTINUITIES,0.19078947368421054,152
FROZEN MEAT,0.18746934771947033,8156
SYRUPS/TOPPINGS,0.187206020696143,1063
SEWING,0.18666666666666668,150
PET CARE SUPPLIES,0.18585131894484413,2502
HAIR CARE ACCESSORIES,0.18549747048903878,1186
SHAVING CARE PRODUCTS,0.18442748091603053,3275
DRY NOODLES/PASTA,0.18325921675512838,13942
BATH,0.18181818181818182,1045
SOAP - LIQUID & BAR,0.18122533035867514,5827
MISC. DAIRY,0.18046040010961908,7298
BOTTLE DEPOSITS,0.1794871794871795,78
ELECTRICAL SUPPPLIES,0.1794774706550549,2641
IN-STORE PHOTOFINISHING,0.1792717086834734,714
HOSIERY/SOCKS,0.1792452830188679,742
LAMB,0.1781609195402299,174
BOOKSTORE,0.17797179314976494,1489
FEMININE HYGIENE,0.17554932211313698,4278
STONE FRUIT,0.17288260150652213,5443
JUICE,0.170995670995671,924
FIRST AID PRODUCTS,0.1704069988588817,2629
DINNER SAUSAGE,0.16981132075471697,9805
IMPORTED WINE,0.16686046511627908,1720
COOKIES,0.1663031624863686,3668
REFRGRATD JUICES/DRNKS,0.16623721402358085,25614
IRONING AND CHEMICALS,0.1658291457286432,398
COFFEE,0.16508771929824562,11400
HEAT/SERVE,0.16425580510087553,5254
TOYS AND GAMES,0.16240681576144836,1878
PEPPERS-ALL,0.16208958867325765,8193
HAND/BODY/FACIAL PRODUCTS,0.16201906106600777,2833
DEODORANTS,0.1615493623051488,4234
PLASTIC HOUSEWARES,0.15862068965517243,2175
NON EDIBLE PRODUCTS,0.15584415584415584,77
NON-DAIRY BEVERAGES,0.1555977229601518,527
ORGANICS FRUIT & VEGETABLES,0.15510049298445203,5274
FRZN POTATOES,0.15373189751206834,8079
BREAKFAST SAUSAGE/SANDWICHES,0.15274594297240304,10907
CHICKEN,0.15254804794749882,14933
CHARCOAL AND LIGHTER FLUID,0.1521516393442623,1952
SUNTAN,0.14986376021798364,367
MILK BY-PRODUCTS,0.14938587512794269,19540
VITAMINS,0.14760705289672543,1985
BAKING,0.1467065868263473,334
SQUASH,0.14659427443237907,2026
FROZEN PIE/DESSERTS,0.14455942301661964,6378
CHIPS&SNACKS,0.14277251184834122,1688
CONDIMENTS,0.14248704663212436,386
FALL AND WINTER SEASONAL,0.1423487544483986,281
WATER - CARBONATED/FLVRD DRINK,0.14181385869565216,17664
VALUE ADDED FRUIT,0.14113804366511948,5817
SEAFOOD - FROZEN,0.13818960899839314,7468
PARTY TRAYS,0.1371571072319202,401
GARDEN CENTER,0.13562753036437247,494
BEERS/ALES,0.13437703848662752,15330
BERRIES,0.13360547219770522,9064
BROOMS AND MOPS,0.13333333333333333,3030
INSECTICIDES,0.13274336283185842,678
HOT CEREAL,0.13267681289167413,5585
LIQUOR,0.13182016586643386,2291
PICKLE/RELISH/PKLD VEG,0.13114486362894007,6123
BABY HBC,0.1306875631951466,3956
BATTERIES,0.13029897367246765,2241
KITCHEN GADGETS,0.12842105263157894,1900
FACIAL TISS/DNR NAPKIN,0.12690281030444964,6832
DOMESTIC GOODS,0.12534059945504086,734
SNACK NUTS,0.12529500107273117,4661
PORK,0.12516307893020223,12264
DRIED FRUIT,0.12462612163509472,3009
CIGARETTES,0.12418483324017142,10734
SANDWICHES,0.12330316742081449,884
AUTOMOTIVE PRODUCTS,0.12173913043478261,920
SEAFOOD-FRESH,0.12137780207763806,3658
SALAD BAR,0.11952576820711348,8266
CITRUS,0.11910916683237224,10058
TEAS,0.11867816091954023,3480
SEAFOOD - SHELF STABLE,0.11855538540071466,7836
HOME FURNISHINGS,0.11627906976744186,86
FLORAL BALLOONS,0.11581920903954802,354
BROCCOLI/CAULIFLOWER,0.1155226558995065,4458
SPORTS MEMORABLILIA,0.115,200
CAKES,0.11495561119963578,4393
POPCORN,0.1140597091094667,3919
AUDIO/VIDEO PRODUCTS,0.11272321428571429,896
HARDWARE SUPPLIES,0.1126164267569856,1181
SNACKS,0.11225296442687747,1265
NEWSPAPER,0.11183382291229542,4766
SERVICE BEVERAGE,0.11149825783972125,287
PROCESSED,0.10949529512403763,4676
MEAT - MISC,0.10847701149425287,8352
COCOA MIXES,0.10574652322225138,3811
HERBS,0.10544113126344912,3253
DISHWASH DETERGENTS,0.10193236714975845,6210
MISC WINE,0.1015625,1280
LAUNDRY ADDITIVES,0.10117169896349706,4438
PACKAGED NATURAL SNACKS,0.1008174386920981,367
OLIVES,0.10056925996204934,2635
ANALGESICS,0.09985802176999527,4226
APPAREL,0.09799554565701558,449
COOKWARE & BAKEWARE,0.0971540726202159,1019
SUGARS/SWEETNERS,0.09693527856653285,10213
SALAD MIX,0.09456218808736794,15429
CAT LITTER,0.09334691106585201,2946
FROZEN BREAD/DOUGH,0.09159452666852834,7162
EYE AND EAR CARE PRODUCTS,0.09049773755656108,1105
BREAD,0.09048460373548713,7924
FLORAL-FRESH CUT,0.08916323731138547,2187
ADULT INCONTINENCE,0.08893280632411067,506
DIAPERS & DISPOSABLES,0.08625987708516242,4556
SPRING/SUMMER SEASONAL,0.08586666666666666,1875
DISPOSIBLE FOILWARE,0.08491508491508491,1001
SHORTENING/OIL,0.08219678519240137,8212
LAWN AND GARDEN SHOP,0.0821917808219178,292
NUTS,0.0812431842966194,1834
FOOT CARE PRODUCTS,0.08030592734225621,523
VALUE ADDED VEGETABLES,0.07967557251908397,2096
APPLES,0.07881510813280536,13132
FROZEN - BOXED(GROCERY),0.07849829351535836,879
ONIONS,0.07807147935112776,15473
INFANT FORMULA,0.07780126849894292,2365
DELI SPECIALTIES (RETAIL PK),0.07560975609756097,410
MELONS,0.07411710037174721,4304
PIES,0.07292418772563176,2770
COFFEE SHOP SWEET GOODS&RETAIL,0.07246376811594203,69
HOT DOGS,0.0714219802528375,10837
ROLLS,0.07123070834982193,5054
BLEACH,0.06997167138810198,3530
SEAFOOD - MISC,0.06978798586572438,1132
CANNED MILK,0.06932889628397115,1803
COSMETIC ACCESSORIES,0.0663265306122449,196
BREAKFAST SWEETS,0.06623746440510091,8077
ANTACIDS,0.06578947368421052,1748
SWEET GOODS & SNACKS,0.06574827802128992,1597
MARGARINES,0.06448257930317212,13461
CHICKEN/POULTRY,0.06373475347878371,5821
GLASSWARE & DINNERWARE,0.06358381502890173,173
FLOUR & MEALS,0.06308037143772013,3123
BAKERY PARTY TRAYS,0.06299212598425197,127
PREPAID WIRELESS&ACCESSORIES,0.0624390243902439,1025
FROZEN CHICKEN,0.06073752711496746,461
LAXATIVES,0.060539752005835154,1371
FLORAL- HARD GOODS,0.0603448275862069,232
BEVERAGE,0.05929919137466307,371
NEW AGE,0.059149722735674676,541
POTATOES,0.059013157894736844,15200
TURKEY,0.05746295627032887,2767
FILM AND CAMERA PRODUCTS,0.05702647657841141,982
VEGETABLES SALAD,0.05669764385619074,10653
GRAPES,0.05644599303135889,10045
SEASONAL,0.05508474576271186,236
TROPICAL FRUIT,0.055054992854035915,32186
BACON,0.0541840036985668,10815
MISCELLANEOUS,0.05138699408822192,2199
FLORAL-FOLIAGE PLANTS,0.05019305019305019,259
FAMILY PLANNING,0.05017921146953405,558
OVERNIGHT PHOTOFINISHING,0.05,160
GLASSES/VISION AIDS,0.047244094488188976,127
PAPER TOWELS,0.046725279067470114,10123
SINUS AND ALLERGY,0.04466944609886837,1679
PERSONAL CARE APPLIANCES,0.04375,160
LAUNDRY DETERGENTS,0.0430298719772404,8436
MUSHROOMS,0.04294478527607362,4727
SMOKED MEATS,0.04230769230769231,3900
NO COMMODITY DESCRIPTION,0.04189686924493554,2172
J-HOOKS,0.04189636163175303,907
BUTTER,0.04137091867775299,4931
PREPARED FOOD,0.040983606557377046,4636
RW FRESH PROCESSED MEAT,0.038461538461538464,26
FRAGRANCES,0.03669724770642202,109
TOMATOES,0.03601583113456464,15160
FLORAL-FLOWERING PLANTS,0.03296703296703297,455
BATH TISSUES,0.032105690456860285,13549
VEAL,0.0297029702970297,101
COUPON/MISC ITEMS,0.027353544563483018,4387
UNKNOWN,0.027306967984934087,1062
PEARS,0.02590147282884713,1969
WATCHES/CALCULATORS/LOBBY,0.025,40
PORTABLE ELECTRIC APPLIANCES,0.02459016393442623,122
EGGS,0.02245644536201963,27609
FRZN ICE,0.02159827213822894,2315
EXOTIC GAME/FOWL,0.020512820512820513,195
ROSES,0.02004008016032064,499
COFFEE FILTERS,0.019536019536019536,1638
PROPANE,0.018518518518518517,54
TOBACCO OTHER,0.017297297297297298,925
CARROTS,0.012780697563306258,8372
FLORAL-ACCESSORIES,0.012658227848101266,79
DELI SUPPLIES,0.012567324955116697,557
CIGARS,0.012195121951219513,164
TICKETS,0.0084985835694051,706
QUICK SERVICE,0.0078125,128
CORN,0.005143277002204262,2722
SMOKING CESSATIONS,0.0,79
HOME HEALTH CARE,0.0,9
COUPON,0.0,68
COUPONS/STORE & MFG,0.0,366
EASTER LILY,0.0,1
FROZEN PACKAGE MEAT,0.0,1
BULK FOODS,0.0,8
FRZN SEAFOOD,0.0,64
FUEL,0.0,1747
GIFT & FRUIT BASKETS,0.0,19
BOUQUET (NON ROSE),0.0,10
LONG DISTANCE CALLING CARDS,0.0,60
MEAT SUPPLIES,0.0,42
MISCELLANEOUS CROUTONS,0.0,1
MISCELLANEOUS HBC,0.0,27
MISCELLANEOUS(CORP USE ONLY),0.0,1
TOYS,0.0,5
NATURAL VITAMINS,0.0,31
NDAIRY/TEAS/JUICE/SOD,0.0,2
PHARMACY,0.0,13
PKG.SEAFOOD MISC,0.0,6
PROD SUPPLIES,0.0,31
(CORP USE ONLY),0.0,60
