category,real_coef,real_p,real_significant_negative,n_placebo_failures,failed_placebos,fails_strict_placebo,clean,usable
FRZN ICE,-10.107284259161082,0.1722894556678903,False,0,,False,False,False
PIES,-2.5165045895812925,0.08477240573581066,False,0,,False,False,False
CORN,-2.2100610274078605,0.00044060589258378586,True,1,forward,False,False,True
BLEACH,-2.090525475563406,0.00010132747856137145,True,1,forward,False,False,True
BATH TISSUES,-1.780723666983543,0.09155100635275865,False,0,,False,False,False
FRUIT - SHELF STABLE,-1.6885457626223772,1.3424998733551487e-37,True,1,backward,False,False,True
EGGS,-1.6699186363249214,5.696168228648195e-05,True,1,forward,False,False,True
INFANT FORMULA,-1.5061675074103162,0.11617342597408435,False,0,,False,False,False
AIR CARE,-1.4882294821225701,0.04901464179377622,False,0,,False,False,False
COCOA MIXES,-1.443628404574245,0.003571344598401921,True,1,backward,False,False,True
BEERS/ALES,-1.3584190591643688,3.5462642015832973e-05,True,1,backward,False,False,True
REFRGRATD DOUGH PRODUCTS,-1.3427517859058156,1.97626630834576e-20,True,2,"forward,backward",False,False,True
SALAD MIX,-1.3152326283283082,0.01591379853610276,False,0,,False,False,False
BEANS - CANNED GLASS & MW,-1.2968240626013696,6.483413459552678e-07,True,1,backward,False,False,True
FROZEN PIZZA,-1.296737942359358,1.218111585811208e-30,True,1,forward,False,False,True
DIAPERS & DISPOSABLES,-1.2786533422283877,0.22293203273243645,False,1,permute,True,False,False
SWEET GOODS & SNACKS,-1.264819678912971,0.03621645640708369,False,0,,False,False,False
MISCELLANEOUS,-1.262814683378089,0.03364829042745381,False,0,,False,False,False
FACIAL TISS/DNR NAPKIN,-1.24087950558053,2.3056686833375138e-08,True,1,forward,False,False,True
PREPARED FOOD,-1.236001533977256,0.13164108526748147,False,0,,False,False,False
CANNED JUICES,-1.2306239882532217,8.814957239088338e-12,True,1,forward,False,False,True
SOAP - LIQUID & BAR,-1.0986143653898668,0.0612169622843933,False,0,,False,False,False
PASTA SAUCE,-1.0958192697270555,5.3275600742101465e-09,True,1,forward,False,False,True
BREAKFAST SWEETS,-1.0896399566189499,0.030971482469560187,False,0,,False,False,False
CANNED MILK,-1.0638846314991466,0.1424608174948532,False,0,,False,False,False
CITRUS,-1.0637158665845772,0.009846246758647974,True,1,forward,False,False,True
BATTERIES,-1.0613833675639732,0.06007812134374525,False,0,,False,False,False
LAUNDRY DETERGENTS,-1.0566240729125351,0.014546507987804009,False,0,,False,False,False
SOFT DRINKS,-1.001839434922747,3.8027579835571786e-16,True,1,swap,True,False,False
FRZN FRUITS,-0.9743345972387583,0.19911296277695092,False,0,,False,False,False
FLOUR & MEALS,-0.9715650587937046,0.010722035638473812,False,0,,False,False,False
DRY SAUCES/GRAVY,-0.9466300380703081,0.0003992953552768742,True,1,backward,False,False,True
DINNER SAUSAGE,-0.9248267702019323,1.2956121977433756e-05,True,1,forward,False,False,True
MISC. DAIRY,-0.8868882903132235,0.014614967673999675,False,0,,False,False,False
BAKING MIXES,-0.8563133950886394,5.103369622119e-08,True,1,backward,False,False,True
MELONS,-0.8484834872022067,0.17101681484821504,False,0,,False,False,False
FLUID MILK PRODUCTS,-0.8390857771454859,0.04651699064264046,False,1,backward,False,False,False
SPICES & EXTRACTS,-0.8377203921523065,8.440622943592632e-07,True,1,forward,False,False,True
TEAS,-0.8322134912493194,0.13074917073298328,False,0,,False,False,False
ISOTONIC DRINKS,-0.8255141192593309,0.10342036921953687,False,0,,False,False,False
FRZN NOVELTIES/WTR ICE,-0.8213553875519525,2.920897514702053e-07,True,1,backward,False,False,True
FRZN MEAT/MEAT DINNERS,-0.81931946832233,2.485525767639296e-32,True,1,swap,True,False,False
BAKING NEEDS,-0.8132770778136812,1.0442080140624698e-05,True,1,forward,False,False,True
ROLLS,-0.807313174712496,0.0006294296168614087,True,1,permute,True,False,False
CHICKEN/POULTRY,-0.740812903100555,0.09066315653670551,False,0,,False,False,False
FRZN POTATOES,-0.7302377765413013,1.117104633712404e-05,True,1,backward,False,False,True
NO COMMODITY DESCRIPTION,-0.7215041337530471,0.31310842010413653,False,0,,False,False,False
MOLASSES/SYRUP/PANCAKE MIXS,-0.7139425059067124,0.01312433012009904,False,0,,False,False,False
BERRIES,-0.7053504983553706,0.07780452761144255,False,0,,False,False,False
FROZEN PIE/DESSERTS,-0.6354765457203968,0.05576952031869059,False,0,,False,False,False
GRAPES,-0.6305078432067064,0.18427881367613713,False,0,,False,False,False
COOKIES,-0.606610115083283,0.2592775460469593,False,0,,False,False,False
TROPICAL FRUIT,-0.5980049965107354,0.024170728430423442,False,0,,False,False,False
PROCESSED,-0.5732253033584459,0.05608149491185947,False,0,,False,False,False
FRZN JCE CONC/DRNKS,-0.568493868012731,0.0377352614778223,False,0,,False,False,False
TOMATOES,-0.5231204777163395,0.03836426787685425,False,0,,False,False,False
PORK,-0.5027046276252544,0.09796500952429568,False,0,,False,False,False
SEAFOOD - FROZEN,-0.43111266770686674,0.17926302640785868,False,0,,False,False,False
SEAFOOD - MISC,-0.41204572335639356,0.058479309714384586,False,0,,False,False,False
CAT FOOD,-0.37737186539934503,0.02157349106123967,False,0,,False,False,False
DOG FOODS,-0.3763493865450374,0.06454518429417448,False,0,,False,False,False
DRY MIX DESSERTS,-0.3308910990111253,0.47864583978745046,False,0,,False,False,False
TURKEY,-0.3167153620729207,0.16073065327896724,False,0,,False,False,False
COFFEE FILTERS,-0.2889690550696519,0.3075316039641955,False,0,,False,False,False
CARROTS,-0.2709711030816611,0.42545144386721223,False,0,,False,False,False
SALADS/DIPS,-0.23893765627584687,0.10115617253950648,False,0,,False,False,False
CHEESES,-0.23437774679781043,0.010988952154498922,False,0,,False,False,False
WATER,-0.2335831659544018,0.5563125114952108,False,0,,False,False,False
HERBS,-0.1890991998111054,0.2000089851016429,False,0,,False,False,False
NEWSPAPER,-0.1824998767032565,0.4405202992564631,False,0,,False,False,False
CHICKEN,-0.17578150979387105,0.6904947387113074,False,0,,False,False,False
VEGETABLES SALAD,-0.16219291784363557,0.32329369770551364,False,0,,False,False,False
STONE FRUIT,-0.15164046076318027,0.25250307051344845,False,0,,False,False,False
APPLES,-0.13307165926886366,0.5139092233855889,False,0,,False,False,False
SQUASH,-0.10287144060547691,0.2538950871319412,False,0,,False,False,False
BROCCOLI/CAULIFLOWER,-0.09245198179991046,0.954804044475043,False,0,,False,False,False
VEGETABLES - ALL OTHERS,-0.08230286782236192,0.41732704308002144,False,0,,False,False,False
SMOKED MEATS,-0.058320790342904556,0.7402731642870679,False,1,swap,True,False,False
PEPPERS-ALL,-0.04822734290933082,0.5177718718808685,False,0,,False,False,False
PWDR/CRYSTL DRNK MX,-0.04260908606611969,0.8958594745839605,False,0,,False,False,False
SANDWICHES,0.0008937489469655489,0.9788493884295579,False,0,,False,False,False
CAKES,0.008568014915289529,0.8382763660140894,False,0,,False,False,False
COUPON/MISC ITEMS,0.012739670447771882,0.7083576201374042,False,0,,False,False,False
FLORAL-FRESH CUT,0.04435435902475177,0.3081771770547099,False,0,,False,False,False
ONIONS,0.04988051738328106,0.7057142044062965,False,0,,False,False,False
PEARS,0.05582009282474756,0.577190025207617,False,0,,False,False,False
NUTS,0.07165996301638791,0.9272973468350005,False,0,,False,False,False
SALAD BAR,0.0725023856592972,0.21708043942759886,False,0,,False,False,False
BABY HBC,0.08233516444645275,0.9385506287948381,False,0,,False,False,False
VALUE ADDED FRUIT,0.09779087991229739,0.5342962411260845,False,0,,False,False,False
HOUSEHOLD CLEANG NEEDS,0.10487319700542284,0.8573513151885865,False,0,,False,False,False
BABY FOODS,0.12689443468290165,0.5561965335922175,False,0,,False,False,False
POTATOES,0.22222436257852315,0.48292999327214126,False,0,,False,False,False
PAPER TOWELS,0.28720191877936607,0.6771802515596752,False,0,,False,False,False
VALUE ADDED VEGETABLES,0.38533999837770766,0.3371274888624549,False,0,,False,False,False
SEAFOOD-FRESH,0.47674865446329745,0.43377405588452644,False,0,,False,False,False
CIGARETTES,0.5162646541270917,0.06775743363883807,False,0,,False,False,False
DISHWASH DETERGENTS,0.6541039940444985,0.2854542361716817,False,0,,False,False,False
UNKNOWN,1.1691218517611774,0.03561474986707828,False,0,,False,False,False
GREETING CARDS/WRAP/PARTY SPLY,1.596278541477657,0.00011599856905845423,False,0,,False,False,False
MAGAZINE,1.6224716210236694,0.00034881618510340385,False,0,,False,False,False
BUTTER,-2.3919681034444005,3.386383689942503e-05,True,0,,False,True,True
ORGANICS FRUIT & VEGETABLES,-1.9856875036726676,0.00040600908774154123,True,0,,False,True,True
DRIED FRUIT,-1.965975762714176,0.0032784740612300882,True,0,,False,True,True
MEAT - MISC,-1.696267951796308,6.231015350866434e-06,True,0,,False,True,True
FROZEN BREAD/DOUGH,-1.6789062458818345,0.000334455908322058,True,0,,False,True,True
COLD CEREAL,-1.649280377565409,1.8208993862511367e-15,True,0,,False,True,True
BACON,-1.6331843347342696,1.3890198471316874e-07,True,0,,False,True,True
MUSHROOMS,-1.617118116446334,0.0004513598067714645,True,0,,False,True,True
BAG SNACKS,-1.6025524379870557,1.979604221260458e-08,True,0,,False,True,True
BREAKFAST SAUSAGE/SANDWICHES,-1.528001579940794,4.1472131191533204e-10,True,0,,False,True,True
SEAFOOD - SHELF STABLE,-1.3810147047351793,8.241226299260229e-11,True,0,,False,True,True
SHORTENING/OIL,-1.3771932380825993,1.170772842936211e-08,True,0,,False,True,True
REFRGRATD JUICES/DRNKS,-1.361973131843124,3.287700532696591e-14,True,0,,False,True,True
LAUNDRY ADDITIVES,-1.3577139188173242,0.0004576156616530443,True,0,,False,True,True
CONDIMENTS/SAUCES,-1.3512975439624182,4.887173230061851e-07,True,0,,False,True,True
PNT BTR/JELLY/JAMS,-1.3419262851218896,1.6583356199422727e-05,True,0,,False,True,True
ELECTRICAL SUPPPLIES,-1.3227369182002346,0.00941719946309166,True,0,,False,True,True
WATER - CARBONATED/FLVRD DRINK,-1.309054080635776,5.9951102427511294e-06,True,0,,False,True,True
BREAD,-1.234424549116048,1.1136575372756989e-05,True,0,,False,True,True
WAREHOUSE SNACKS,-1.231108500705182,0.0003085657416106986,True,0,,False,True,True
PAPER HOUSEWARES,-1.2129317546708183,2.5759716959084424e-08,True,0,,False,True,True
YOGURT,-1.2058100644738405,1.685951867453985e-26,True,0,,False,True,True
CRACKERS/MISC BKD FD,-1.188737036111263,4.400200828741668e-10,True,0,,False,True,True
FROZEN MEAT,-1.1718348434835282,1.6367993616883236e-10,True,0,,False,True,True
BAKED SWEET GOODS,-1.1714577304121534,1.1092028897615128e-12,True,0,,False,True,True
OLIVES,-1.1426889759638479,0.0016876592292824693,True,0,,False,True,True
LUNCHMEAT,-1.108072690354345,2.6678892694368983e-25,True,0,,False,True,True
PICKLE/RELISH/PKLD VEG,-1.1042499322465449,4.965910444047679e-08,True,0,,False,True,True
SALD DRSNG/SNDWCH SPRD,-1.067671152475168,3.4695304263083376e-05,True,0,,False,True,True
DRY NOODLES/PASTA,-1.0625787332426082,1.3671405640235804e-08,True,0,,False,True,True
COOKIES/CONES,-1.0515980053984353,3.9236478621143446e-05,True,0,,False,True,True
MILK BY-PRODUCTS,-1.0018910174328874,6.0904418112375805e-12,True,0,,False,True,True
VEGETABLES - SHELF STABLE,-0.9648794026114252,6.50453969663839e-16,True,0,,False,True,True
CANDY - CHECKLANE,-0.9541939853644315,8.669335294044205e-20,True,0,,False,True,True
SOUP,-0.9395882885954286,5.761068722541298e-13,True,0,,False,True,True
SUGARS/SWEETNERS,-0.9394483343867048,8.874797948738668e-05,True,0,,False,True,True
CAT LITTER,-0.9265335258638908,0.0005233099201421349,True,0,,False,True,True
CANDY - PACKAGED,-0.9191335126251522,0.0015493940358732154,True,0,,False,True,True
FRZN BREAKFAST FOODS,-0.9170345039369374,1.62581586374957e-06,True,0,,False,True,True
DINNER MXS:DRY,-0.9022900679196192,2.761357499739027e-11,True,0,,False,True,True
HOT DOGS,-0.8973524196985629,6.768170454427401e-07,True,0,,False,True,True
POPCORN,-0.8955315951546566,0.006390778642394325,True,0,,False,True,True
FD WRAPS/BAGS/TRSH BG,-0.8938530172644285,9.700355803945931e-15,True,0,,False,True,True
CONVENIENT BRKFST/WHLSM SNACKS,-0.8550610924073242,0.0003573262384816025,True,0,,False,True,True
HOT CEREAL,-0.8369465717911804,7.778157763094056e-08,True,0,,False,True,True
REFRIGERATED,-0.8237304617112565,0.0012217388110186641,True,0,,False,True,True
CHEESE,-0.8053357896206766,6.608699521359586e-15,True,0,,False,True,True
MEAT - SHELF STABLE,-0.7887280604842171,0.0016355669461110367,True,0,,False,True,True
BAKED BREAD/BUNS/ROLLS,-0.7626311519278108,1.7429090344658548e-05,True,0,,False,True,True
HEAT/SERVE,-0.7187576901423771,0.003434170152927254,True,0,,False,True,True
MARGARINES,-0.7114694956618155,0.0067677266960706785,True,0,,False,True,True
ICE CREAM/MILK/SHERBTS,-0.6785925513373549,2.6223397588151078e-08,True,0,,False,True,True
COFFEE,-0.6782917484662611,0.008559987616644735,True,0,,False,True,True
HISPANIC,-0.6457471651787294,3.2134405700461506e-06,True,0,,False,True,True
SNACK NUTS,-0.6231927475966181,0.006653943644655397,True,0,,False,True,True
FRZN VEGETABLE/VEG DSH,-0.5365123004101199,1.0273457098223987e-06,True,0,,False,True,True
DRY BN/VEG/POTATO/RICE,-0.520461845052549,1.1111453899198197e-08,True,0,,False,True,True
BEEF,-0.4376949266340739,0.0028701297523537833,True,0,,False,True,True
DELI MEATS,-0.24450243331776403,0.0030031115830184453,True,0,,False,True,True
