COMMODITY_DESC,n_top_items,item_weeks,share_weeks_price_moves,share_weeks_base_moves,share_weeks_promo_moves,share_weeks_either_moves,n_items_base_moves,n_items_promo_moves,differential_cells,differential_per_pair,mean_abs_move_corr,cat_trips,multi_any,multi_top,n_items_all,trips_top,drop_reason,scored,kept_today
(CORP USE ONLY),2,13,1.0,1.0,0.0,1.0,2,0,11.0,5.5,0.376644358187437,60,0.0,0.0,4,60,fewer than 5 items or <200 category-trips,True,False
ADULT INCONTINENCE,10,113,0.17699115044247787,0.035398230088495575,0.1592920353982301,0.168141592920354,3,6,174.0,1.9333333333333333,0.03505128110947625,506,0.08893280632411067,0.06324110671936758,55,345,fewer than 5 items or <200 category-trips,True,False
AIR CARE,10,384,0.20833333333333334,0.1171875,0.19791666666666666,0.21354166666666666,6,9,594.0,6.6,0.17224047324898387,3791,0.3202321287259298,0.03534687417567924,413,953,unit demand violated (>15% multi-item or >10% multi-top-item trips),True,False
ANALGESICS,10,186,0.3602150537634409,0.021505376344086023,0.34408602150537637,0.3602150537634409,2,10,531.0,5.9,0.11087509360202523,4226,0.09985802176999527,0.000946521533364884,484,543,fewer than 5 items or <200 category-trips,True,False
ANTACIDS,10,131,0.1984732824427481,0.022900763358778626,0.20610687022900764,0.21374045801526717,2,8,220.0,2.4444444444444446,0.06644557486721987,1748,0.06578947368421052,0.005148741418764302,233,459,fewer than 5 items or <200 category-trips,True,False
APPAREL,9,24,0.25,0.125,0.16666666666666666,0.25,3,3,46.0,0.6388888888888888,0.15484799983502281,449,0.09799554565701558,0.008908685968819599,236,102,fewer than 5 items or <200 category-trips,True,False
APPLES,10,843,0.800711743772242,0.7734282325029656,0.302491103202847,0.8030842230130486,10,10,2125.0,23.61111111111111,0.11622509754113607,13132,0.07881510813280536,0.039445628997867806,194,8867,KEPT,True,True
AUDIO/VIDEO PRODUCTS,8,15,0.13333333333333333,0.0,0.13333333333333333,0.13333333333333333,0,2,14.0,0.25,0.07142857142857144,896,0.11272321428571429,0.0,495,110,fewer than 5 items or <200 category-trips,True,False
AUTOMOTIVE PRODUCTS,10,107,0.2616822429906542,0.11214953271028037,0.17757009345794392,0.2616822429906542,6,4,250.0,2.7777777777777777,0.03302437018809733,920,0.12173913043478261,0.013043478260869565,191,437,fewer than 5 items or <200 category-trips,True,False
BABY FOODS,10,650,0.15076923076923077,0.08615384615384615,0.06769230769230769,0.15076923076923077,10,10,534.0,5.933333333333334,0.5370587094831931,4123,0.7356293960708222,0.09313606597138006,643,1715,unit demand violated (>15% multi-item or >10% multi-top-item trips),True,False
BABY HBC,10,382,0.16753926701570682,0.005235602094240838,0.16230366492146597,0.16753926701570682,2,10,524.0,5.822222222222222,0.08077421403335318,3956,0.1306875631951466,0.003538928210313448,358,1006,KEPT,True,True
BABYFOOD,10,48,0.10416666666666667,0.0,0.10416666666666667,0.10416666666666667,0,4,43.0,0.4777777777777778,0.13932688458458456,140,0.5785714285714286,0.3142857142857143,40,215,fewer than 5 items or <200 category-trips,True,False
BACON,10,723,0.41770401106500693,0.019363762102351315,0.40802213001383125,0.41770401106500693,5,10,1814.0,20.155555555555555,0.1900043771874786,10815,0.0541840036985668,0.020249653259361997,168,6044,KEPT,True,True
BAG SNACKS,10,927,0.40560949298813376,0.045307443365695796,0.38727076591154264,0.40668824163969797,10,9,1944.0,21.6,0.18856562860369527,41075,0.39508216676810715,0.028289713937918442,1521,12161,unit demand violated (>15% multi-item or >10% multi-top-item trips),True,False
BAKED BREAD/BUNS/ROLLS,10,1005,0.3870646766169154,0.027860696517412936,0.3761194029850746,0.3850746268656716,9,10,1743.0,19.366666666666667,0.17562398632388646,59251,0.29585998548547704,0.08188891326728663,1169,36780,unit demand violated (>15% multi-item or >10% multi-top-item trips),True,False
BAKED SWEET GOODS,10,979,0.26251276813074564,0.020429009193054137,0.24514811031664965,0.25842696629213485,7,10,1217.0,13.522222222222222,0.27685847759675447,18436,0.32187025385116075,0.06839878498589716,680,7957,unit demand violated (>15% multi-item or >10% multi-top-item trips),True,False
BAKERY PARTY TRAYS,7,15,0.06666666666666667,0.06666666666666667,0.0,0.06666666666666667,1,0,6.0,0.14285714285714285,,127,0.06299212598425197,0.0,46,76,fewer than 5 items or <200 category-trips,True,False
BAKING,8,43,0.11627906976744186,0.023255813953488372,0.09302325581395349,0.11627906976744186,1,3,35.0,0.625,0.020813910599633088,334,0.1467065868263473,0.017964071856287425,70,191,fewer than 5 items or <200 category-trips,True,False
BAKING MIXES,10,708,0.24858757062146894,0.192090395480226,0.09887005649717515,0.2641242937853107,7,10,1252.0,13.911111111111111,0.11963253721330973,11193,0.3813097471634057,0.015366747074064147,539,3449,unit demand violated (>15% multi-item or >10% multi-top-item trips),True,False
BAKING NEEDS,10,747,0.12315930388219545,0.0107095046854083,0.11780455153949129,0.12583668005354753,8,9,608.0,6.7555555555555555,0.2812812755011617,10288,0.26049766718507,0.011080870917573872,557,2734,unit demand violated (>15% multi-item or >10% multi-top-item trips),True,False
BATH,10,52,0.21153846153846154,0.0,0.21153846153846154,0.21153846153846154,0,6,95.0,1.0555555555555556,0.07243558008709425,1045,0.18181818181818182,0.014354066985645933,379,257,fewer than 5 items or <200 category-trips,True,False
BATH TISSUES,10,775,0.2335483870967742,0.06709677419354838,0.20387096774193547,0.2335483870967742,10,10,1277.0,14.188888888888888,0.12445825749241995,13549,0.032105690456860285,0.003173665953206879,185,7519,KEPT,True,True
BATTERIES,10,410,0.2,0.04390243902439024,0.18048780487804877,0.2048780487804878,7,10,628.0,6.977777777777778,0.13014797241605966,2241,0.13029897367246765,0.025881302989736725,171,1176,KEPT,True,True
BEANS - CANNED GLASS & MW,10,892,0.3060538116591928,0.21748878923766815,0.242152466367713,0.36434977578475336,10,10,1487.0,16.522222222222222,0.28190505571955354,9455,0.23141195134849285,0.05806451612903226,238,4461,unit demand violated (>15% multi-item or >10% multi-top-item trips),True,False
BEEF,10,936,0.8995726495726496,0.7948717948717948,0.5918803418803419,0.9017094017094017,10,10,1208.0,13.422222222222222,0.14528189813186623,36242,0.24959991170465207,0.033110755477070805,1108,16278,KEPT,True,True
BEERS/ALES,10,900,0.2777777777777778,0.2777777777777778,0.0,0.2777777777777778,10,0,1664.0,18.488888888888887,0.0814013730333846,15330,0.13437703848662752,0.0073059360730593605,793,3753,KEPT,True,True
BERRIES,10,367,0.5149863760217984,0.21525885558583105,0.38419618528610355,0.5313351498637602,10,10,1371.0,15.233333333333333,0.11258463190057819,9064,0.13360547219770522,0.08285525154457193,105,9081,KEPT,True,True
BEVERAGE,10,93,0.07526881720430108,0.043010752688172046,0.03225806451612903,0.07526881720430108,2,2,63.0,0.7,0.01041235491691281,371,0.05929919137466307,0.013477088948787063,55,298,fewer than 5 items or <200 category-trips,True,False
BIRD SEED,10,46,0.17391304347826086,0.0,0.17391304347826086,0.17391304347826086,0,4,72.0,0.8,0.021816945126019237,261,0.19157088122605365,0.09961685823754789,29,223,fewer than 5 items or <200 category-trips,True,False
BLEACH,10,604,0.24172185430463577,0.02152317880794702,0.22847682119205298,0.24503311258278146,7,9,1004.0,11.155555555555555,0.2186737171708372,3530,0.06997167138810198,0.010198300283286119,108,2208,KEPT,True,True
BOOKSTORE,9,16,0.0,0.0,0.0,0.0,0,0,0.0,0.0,,1489,0.17797179314976494,0.0020147750167897917,1128,134,fewer than 5 items or <200 category-trips,True,False
BOTTLE DEPOSITS,2,18,0.0,0.0,0.0,0.0,0,0,0.0,0.0,,78,0.1794871794871795,0.1794871794871795,10,95,fewer than 5 items or <200 category-trips,True,False
BREAD,10,780,0.15897435897435896,0.008974358974358974,0.1564102564102564,0.16153846153846155,4,9,880.0,9.777777777777779,0.123180677490905,7924,0.09048460373548713,0.011736496718828874,343,3329,KEPT,True,True
BREAKFAST SAUSAGE/SANDWICHES,10,815,0.456441717791411,0.06257668711656442,0.4883435582822086,0.498159509202454,6,10,2028.0,22.533333333333335,0.17786521490958956,10907,0.15274594297240304,0.026771797927936186,262,4896,unit demand violated (>15% multi-item or >10% multi-top-item trips),True,False
BREAKFAST SWEETS,10,627,0.2838915470494418,0.10207336523125997,0.20893141945773525,0.2902711323763955,8,9,1304.0,14.488888888888889,0.10555509649849726,8077,0.06623746440510091,0.021171226940695804,280,5908,KEPT,True,True
BROCCOLI/CAULIFLOWER,10,323,0.4551083591331269,0.1609907120743034,0.34674922600619196,0.4613003095975232,6,7,1093.0,12.144444444444444,0.13334694067040592,4458,0.1155226558995065,0.11103633916554509,48,4873,unit demand violated (>15% multi-item or >10% multi-top-item trips),True,False
BROOMS AND MOPS,10,270,0.1037037037037037,0.03333333333333333,0.08518518518518518,0.1111111111111111,7,8,232.0,2.577777777777778,0.0853514637063101,3030,0.13333333333333333,0.005940594059405941,336,768,top 15% most seasonal (Herfindahl of daily demand),True,False
BUTTER,10,765,0.33725490196078434,0.13202614379084968,0.24836601307189543,0.34248366013071896,8,10,1632.0,18.133333333333333,0.15238698718802748,4931,0.04137091867775299,0.0332589738389779,54,4738,KEPT,True,True
CAKES,10,375,0.504,0.3413333333333333,0.15733333333333333,0.49333333333333335,8,9,1377.0,15.3,0.08732919356474812,4393,0.11495561119963578,0.009105394946505805,557,1237,top 15% most seasonal (Herfindahl of daily demand),True,False
CANDLES/ACCESSORIES,10,57,0.40350877192982454,0.12280701754385964,0.42105263157894735,0.43859649122807015,3,4,179.0,1.988888888888889,0.3150856198905944,1187,0.22914911541701768,0.015164279696714406,524,247,fewer than 5 items or <200 category-trips,True,False
CANDY - CHECKLANE,10,964,0.2925311203319502,0.04253112033195021,0.25933609958506226,0.29356846473029047,10,10,1318.0,14.644444444444444,0.4672929667275426,22349,0.340686384178263,0.0766029799991051,554,10422,unit demand violated (>15% multi-item or >10% multi-top-item trips),True,False
CANDY - PACKAGED,10,675,0.4192592592592593,0.2577777777777778,0.26222222222222225,0.4414814814814815,9,10,1761.0,19.566666666666666,0.09682271888940737,21109,0.3388128286512862,0.02373395234260268,2471,4298,unit demand violated (>15% multi-item or >10% multi-top-item trips),True,False
CANNED JUICES,10,847,0.2597402597402597,0.14521841794569068,0.17119244391971664,0.282172373081464,9,10,1428.0,15.866666666666667,0.1683891354544182,19710,0.3203450025367834,0.02110603754439371,648,5140,unit demand violated (>15% multi-item or >10% multi-top-item trips),True,False
CANNED MILK,10,412,0.08737864077669903,0.019417475728155338,0.0703883495145631,0.08495145631067962,3,8,296.0,3.2888888888888888,0.12032840282646357,1803,0.06932889628397115,0.040488075429839156,55,1496,KEPT,True,True
CARROTS,10,567,0.37918871252204583,0.20458553791887124,0.17989417989417988,0.38095238095238093,9,7,1525.0,16.944444444444443,0.14127765386146687,8372,0.012780697563306258,0.012422360248447204,57,8343,KEPT,True,True
CAT FOOD,10,787,0.2388818297331639,0.12833545108005082,0.2731893265565438,0.29733163913595934,10,10,902.0,10.022222222222222,0.5088986515805866,6517,0.4508209298757097,0.0900721190731932,509,2199,unit demand violated (>15% multi-item or >10% multi-top-item trips),True,False
CAT LITTER,10,526,0.2832699619771863,0.045627376425855515,0.26045627376425856,0.28517110266159695,7,9,1129.0,12.544444444444444,0.09159736891897823,2946,0.09334691106585201,0.0027155465037338763,110,1348,KEPT,True,True
CEREAL/BREAKFAST,10,217,0.24423963133640553,0.027649769585253458,0.22119815668202766,0.24423963133640553,3,8,409.0,4.544444444444444,0.09248769315046944,1458,0.22016460905349794,0.02606310013717421,178,650,unit demand violated (>15% multi-item or >10% multi-top-item trips),True,False
CHARCOAL AND LIGHTER FLUID,10,249,0.18072289156626506,0.03614457831325301,0.15261044176706828,0.18473895582329317,6,6,359.0,3.988888888888889,0.07330284107331679,1952,0.1521516393442623,0.0353483606557377,135,836,unit demand violated (>15% multi-item or >10% multi-top-item trips),True,False
CHEESE,10,993,0.3554884189325277,0.0433031218529708,0.3554884189325277,0.37059415911379656,7,9,1897.0,21.07777777777778,0.24790454979468843,46081,0.3775308695557822,0.0498036066925631,1096,20235,unit demand violated (>15% multi-item or >10% multi-top-item trips),True,False
CHEESES,10,869,0.9631760644418872,0.952819332566168,0.2186421173762946,0.9654775604142692,10,10,1195.0,13.277777777777779,0.09337740505574842,11255,0.19093736117281207,0.06281652598844958,743,6646,unit demand violated (>15% multi-item or >10% multi-top-item trips),True,False
CHICKEN,10,908,0.987885462555066,0.9801762114537445,0.6762114537444934,0.9911894273127754,10,10,797.0,8.855555555555556,0.19105196557012907,14933,0.15254804794749882,0.049018951315877586,363,10330,fewer than 5 items or <200 category-trips,True,False
CHICKEN/POULTRY,10,827,0.4026602176541717,0.014510278113663845,0.3784764207980653,0.3808948004836759,3,10,1789.0,19.877777777777776,0.2154391932406307,5821,0.06373475347878371,0.03006356296169043,176,4499,KEPT,True,True
CHIPS&SNACKS,10,206,0.2087378640776699,0.05339805825242718,0.16019417475728157,0.20388349514563106,6,10,355.0,3.9444444444444446,0.11168688287903902,1688,0.14277251184834122,0.011255924170616114,172,601,fewer than 5 items or <200 category-trips,True,False
CHRISTMAS  SEASONAL,10,113,0.5309734513274337,0.21238938053097345,0.49557522123893805,0.5575221238938053,6,10,406.0,4.511111111111111,0.24203123017931935,1861,0.2971520687802257,0.0053734551316496505,862,384,fewer than 5 items or <200 category-trips,True,False
CIGARETTES,10,810,0.2308641975308642,0.23209876543209876,0.0024691358024691358,0.23209876543209876,10,1,1235.0,13.722222222222221,0.09790119658351813,10734,0.12418483324017142,0.013974287311347122,383,4781,not audited (removed upstream),False,False
CIGARS,6,30,0.1,0.1,0.0,0.1,2,0,15.0,0.5,0.05044332723053186,164,0.012195121951219513,0.0,36,131,not audited (removed upstream),False,False
CITRUS,10,726,0.23415977961432508,0.15289256198347106,0.09641873278236915,0.23553719008264462,10,10,1110.0,12.333333333333334,0.12693503511943438,10058,0.11910916683237224,0.07287731159276198,152,8540,KEPT,True,True
COCOA MIXES,10,525,0.17904761904761904,0.06666666666666667,0.1619047619047619,0.19047619047619047,6,10,724.0,8.044444444444444,0.0932726384019916,3811,0.10574652322225138,0.02309105221726581,132,2132,KEPT,True,True
COFFEE,10,699,0.38912732474964234,0.1888412017167382,0.2804005722460658,0.39914163090128757,9,10,1806.0,20.066666666666666,0.07245008655143485,11400,0.16508771929824562,0.004210526315789474,603,2302,unit demand violated (>15% multi-item or >10% multi-top-item trips),True,False
COFFEE FILTERS,10,334,0.2125748502994012,0.038922155688622756,0.20658682634730538,0.2245508982035928,5,10,581.0,6.455555555555556,0.09973907363990993,1638,0.019536019536019536,0.002442002442002442,120,927,top 15% most seasonal (Herfindahl of daily demand),True,False
COFFEE SHOP,9,29,0.13793103448275862,0.13793103448275862,0.0,0.13793103448275862,2,0,32.0,0.4444444444444444,0.0616192081942255,185,0.23243243243243245,0.0972972972972973,59,123,fewer than 5 items or <200 category-trips,True,False
COFFEE SHOP SWEET GOODS&RETAIL,5,11,0.18181818181818182,0.18181818181818182,0.0,0.18181818181818182,2,0,8.0,0.4,0.09999999999999999,69,0.07246376811594203,0.028985507246376812,35,49,not audited (removed upstream),False,False
COLD AND FLU,10,246,0.13414634146341464,0.04065040650406504,0.12601626016260162,0.14227642276422764,6,10,257.0,2.8555555555555556,0.1461846123079318,4828,0.21023198011599006,0.008492129246064623,595,693,unit demand violated (>15% multi-item or >10% multi-top-item trips),True,False
COLD CEREAL,10,907,0.28335170893054024,0.13671444321940462,0.22712238147739802,0.3153252480705623,7,10,1617.0,17.966666666666665,0.12831414614346584,24829,0.37242740343952635,0.012847879495750936,638,4913,unit demand violated (>15% multi-item or >10% multi-top-item trips),True,False
CONDIMENTS,8,18,0.05555555555555555,0.0,0.05555555555555555,0.05555555555555555,0,1,7.0,0.125,,386,0.14248704663212436,0.018134715025906734,107,134,fewer than 5 items or <200 category-trips,True,False
CONDIMENTS/SAUCES,10,877,0.18928164196123148,0.03078677309007982,0.16077537058152794,0.1847206385404789,6,10,1164.0,12.933333333333334,0.13549446174427104,17704,0.23531405332128333,0.030445097153185722,722,6796,unit demand violated (>15% multi-item or >10% multi-top-item trips),True,False
CONTINUITIES,10,36,0.027777777777777776,0.027777777777777776,0.0,0.027777777777777776,1,0,9.0,0.1,,152,0.19078947368421054,0.05921052631578947,63,108,fewer than 5 items or <200 category-trips,True,False
CONVENIENT BRKFST/WHLSM SNACKS,10,842,0.41211401425178146,0.2173396674584323,0.25534441805225655,0.4251781472684085,8,10,1677.0,18.633333333333333,0.34538534664795584,13877,0.39158319521510415,0.04114722202205087,558,3746,unit demand violated (>15% multi-item or >10% multi-top-item trips),True,False
COOKIES,10,515,0.3766990291262136,0.02524271844660194,0.3786407766990291,0.3864077669902913,7,10,1186.0,13.177777777777777,0.21679232107899363,3668,0.1663031624863686,0.08505997818974918,348,2655,unit demand violated (>15% multi-item or >10% multi-top-item trips),True,False
COOKIES/CONES,10,839,0.29797377830750893,0.026221692491060787,0.2908224076281287,0.3039332538736591,8,9,1536.0,17.066666666666666,0.1919848224796985,16896,0.25224905303030304,0.015920928030303032,951,4565,unit demand violated (>15% multi-item or >10% multi-top-item trips),True,False
COOKWARE & BAKEWARE,10,56,0.14285714285714285,0.03571428571428571,0.10714285714285714,0.14285714285714285,2,5,72.0,0.8,0.012781032721204486,1019,0.0971540726202159,0.004906771344455349,259,260,fewer than 5 items or <200 category-trips,True,False
CORN,9,215,0.4,0.24651162790697675,0.2372093023255814,0.413953488372093,7,3,572.0,7.944444444444445,0.17056404060833508,2722,0.005143277002204262,0.005143277002204262,24,2727,top 15% most seasonal (Herfindahl of daily demand),True,False
COSMETIC ACCESSORIES,5,25,0.12,0.12,0.0,0.12,1,0,12.0,0.6,0.042887787939969724,196,0.0663265306122449,0.00510204081632653,60,111,fewer than 5 items or <200 category-trips,True,False
COUPON,2,22,0.8636363636363636,0.8636363636363636,0.0,0.8636363636363636,1,0,19.0,9.5,,68,0.0,0.0,3,68,not audited (removed upstream),False,False
COUPON/MISC ITEMS,10,630,0.8746031746031746,0.873015873015873,0.0031746031746031746,0.8746031746031746,10,1,2327.0,25.855555555555554,0.09157611835805284,4387,0.027353544563483018,0.020971050832003648,99,4131,not audited (removed upstream),False,False
COUPONS/STORE & MFG,8,103,0.1262135922330097,0.0970873786407767,0.1650485436893204,0.17475728155339806,4,6,91.0,1.625,0.08207966675505503,366,0.0,0.0,21,344,not audited (removed upstream),False,False
CRACKERS/MISC BKD FD,10,930,0.3365591397849462,0.1064516129032258,0.3064516129032258,0.35268817204301073,9,10,1885.0,20.944444444444443,0.11347240581248522,22503,0.23525752121939297,0.029507176820868328,820,9573,unit demand violated (>15% multi-item or >10% multi-top-item trips),True,False
DELI MEATS,10,956,0.9654811715481172,0.9633891213389121,0.25313807531380755,0.9696652719665272,10,10,605.0,6.722222222222222,0.08245733310082926,16970,0.3812610489098409,0.1131997642899234,499,11147,fewer than 5 items or <200 category-trips,True,False
DELI SPECIALTIES (RETAIL PK),10,57,0.17543859649122806,0.0,0.17543859649122806,0.17543859649122806,0,4,86.0,0.9555555555555556,0.1402587823800205,410,0.07560975609756097,0.02926829268292683,68,242,fewer than 5 items or <200 category-trips,True,False
DELI SUPPLIES,4,167,0.9760479041916168,0.9760479041916168,0.0,0.9760479041916168,3,0,351.0,29.25,0.023289135003495987,557,0.012567324955116697,0.012567324955116697,9,568,fewer than 5 items or <200 category-trips,True,False
DEODORANTS,10,147,0.16326530612244897,0.027210884353741496,0.16326530612244897,0.17687074829931973,4,9,208.0,2.311111111111111,0.03197726109454817,4234,0.1615493623051488,0.003778932451582428,524,486,fewer than 5 items or <200 category-trips,True,False
DIAPERS & DISPOSABLES,10,377,0.1830238726790451,0.01856763925729443,0.17771883289124668,0.1830238726790451,4,8,551.0,6.122222222222222,0.09388106685270874,4556,0.08625987708516242,0.004828797190517998,286,943,top 15% most seasonal (Herfindahl of daily demand),True,False
DIETARY AID PRODUCTS,10,190,0.25263157894736843,0.021052631578947368,0.22105263157894736,0.24210526315789474,3,7,418.0,4.644444444444445,0.03082456126084414,1772,0.22573363431151242,0.003386004514672686,332,513,fewer than 5 items or <200 category-trips,True,False
DINNER MXS:DRY,10,904,0.22234513274336284,0.07743362831858407,0.21902654867256638,0.25442477876106195,8,10,1315.0,14.61111111111111,0.12616654240045275,13185,0.29692832764505117,0.03306788016685627,368,6558,unit demand violated (>15% multi-item or >10% multi-top-item trips),True,False
DINNER SAUSAGE,10,819,0.34676434676434675,0.007326007326007326,0.3528693528693529,0.3528693528693529,2,10,1550.0,17.22222222222222,0.15482229667645375,9805,0.16981132075471697,0.027231004589495157,339,4109,unit demand violated (>15% multi-item or >10% multi-top-item trips),True,False
DISHWASH DETERGENTS,10,647,0.23183925811437403,0.2117465224111283,0.16228748068006182,0.27666151468315303,10,10,1032.0,11.466666666666667,0.15731608235584668,6210,0.10193236714975845,0.00676328502415459,206,2151,KEPT,True,True
DISPOSIBLE FOILWARE,10,161,0.18012422360248448,0.018633540372670808,0.16149068322981366,0.18012422360248448,2,9,229.0,2.5444444444444443,0.1269359033893828,1001,0.08491508491508491,0.03296703296703297,52,637,fewer than 5 items or <200 category-trips,True,False
DOG FOODS,10,634,0.07255520504731862,0.1056782334384858,0.1608832807570978,0.16246056782334384,9,10,352.0,3.911111111111111,0.14764945505019372,7083,0.3292390230128477,0.046590427784836935,596,1595,unit demand violated (>15% multi-item or >10% multi-top-item trips),True,False
DOLLAR VALUE PRODUCTS,7,17,0.17647058823529413,0.11764705882352941,0.17647058823529413,0.23529411764705882,2,3,18.0,0.42857142857142855,0.10716519943868125,167,0.2275449101796407,0.011976047904191617,84,68,fewer than 5 items or <200 category-trips,True,False
DOMESTIC GOODS,9,82,0.4146341463414634,0.2073170731707317,0.34146341463414637,0.43902439024390244,7,8,198.0,2.75,0.1431828477667342,734,0.12534059945504086,0.04223433242506812,253,324,fewer than 5 items or <200 category-trips,True,False
DOMESTIC WINE,10,223,0.07623318385650224,0.07623318385650224,0.0,0.07623318385650224,6,0,143.0,1.5888888888888888,0.12378071005239866,4497,0.20836112964198356,0.00578163219924394,994,653,fewer than 5 items or <200 category-trips,True,False
DRIED FRUIT,10,520,0.14807692307692308,0.0038461538461538464,0.14038461538461539,0.1423076923076923,2,10,557.0,6.188888888888889,0.1793462848816301,3009,0.12462612163509472,0.017281488866733134,176,1560,KEPT,True,True
DRY BN/VEG/POTATO/RICE,10,779,0.15661103979460847,0.021822849807445442,0.14634146341463414,0.15789473684210525,9,10,880.0,9.777777777777779,0.20514103056632468,13152,0.33181265206812655,0.02136557177615572,623,2713,unit demand violated (>15% multi-item or >10% multi-top-item trips),True,False
DRY MIX DESSERTS,10,484,0.29338842975206614,0.10950413223140495,0.2975206611570248,0.3367768595041322,8,10,888.0,9.866666666666667,0.2057889921880207,5406,0.42064372918978915,0.06289308176100629,386,1828,unit demand violated (>15% multi-item or >10% multi-top-item trips),True,False
DRY NOODLES/PASTA,10,919,0.13166485310119697,0.026115342763873776,0.14036996735582155,0.14363438520130578,8,10,841.0,9.344444444444445,0.19748692068011442,13942,0.18325921675512838,0.013986515564481423,348,4616,unit demand violated (>15% multi-item or >10% multi-top-item trips),True,False
DRY SAUCES/GRAVY,10,703,0.1422475106685633,0.07396870554765292,0.14082503556187767,0.16500711237553342,8,10,758.0,8.422222222222222,0.15461362534512535,6467,0.20117519715478582,0.022576155868254212,227,2614,unit demand violated (>15% multi-item or >10% multi-top-item trips),True,False
DRY TEA/COFFEE/COCO MIX,7,11,0.18181818181818182,0.0,0.18181818181818182,0.18181818181818182,0,2,10.0,0.23809523809523808,1.0,146,0.2465753424657534,0.06164383561643835,63,81,fewer than 5 items or <200 category-trips,True,False
EASTER,9,47,0.2765957446808511,0.02127659574468085,0.2553191489361702,0.2765957446808511,1,4,80.0,1.1111111111111112,0.8899706545930015,560,0.21428571428571427,0.07857142857142857,215,387,fewer than 5 items or <200 category-trips,True,False
EGGS,10,953,0.21406086044071354,0.09968520461699895,0.13431269674711438,0.21511017838405036,8,6,1438.0,15.977777777777778,0.10613141840854641,27609,0.02245644536201963,0.010032960266579738,121,26076,KEPT,True,True
ELECTRICAL SUPPPLIES,10,408,0.26715686274509803,0.051470588235294115,0.2181372549019608,0.2622549019607843,9,10,761.0,8.455555555555556,0.19698571104012008,2641,0.1794774706550549,0.046573267701628174,351,1208,unit demand violated (>15% multi-item or >10% multi-top-item trips),True,False
ETHNIC PERSONAL CARE,3,9,0.3333333333333333,0.1111111111111111,0.2222222222222222,0.3333333333333333,1,2,6.0,1.0,0.04665766116539243,297,0.20202020202020202,0.016835016835016835,141,107,fewer than 5 items or <200 category-trips,True,False
EXOTIC GAME/FOWL,5,47,0.40425531914893614,0.2553191489361702,0.14893617021276595,0.40425531914893614,3,2,74.0,3.7,0.03974450854455631,195,0.020512820512820513,0.020512820512820513,15,194,fewer than 5 items or <200 category-trips,True,False
EYE AND EAR CARE PRODUCTS,10,117,0.05128205128205128,0.017094017094017096,0.03418803418803419,0.05128205128205128,2,4,54.0,0.6,0.016700556680388633,1105,0.09049773755656108,0.013574660633484163,182,394,fewer than 5 items or <200 category-trips,True,False
FACIAL TISS/DNR NAPKIN,10,855,0.22573099415204678,0.12514619883040937,0.256140350877193,0.28421052631578947,10,10,1183.0,13.144444444444444,0.2483683651871247,6832,0.12690281030444964,0.03600702576112412,151,3339,KEPT,True,True
FALL AND WINTER SEASONAL,10,41,0.12195121951219512,0.04878048780487805,0.07317073170731707,0.12195121951219512,2,3,37.0,0.4111111111111111,0.46964072052388944,281,0.1423487544483986,0.042704626334519574,104,145,fewer than 5 items or <200 category-trips,True,False
FAMILY PLANNING,10,36,0.16666666666666666,0.0,0.16666666666666666,0.16666666666666666,0,5,54.0,0.6,0.019354838709677424,558,0.05017921146953405,0.0017921146953405018,118,204,fewer than 5 items or <200 category-trips,True,False
FD WRAPS/BAGS/TRSH BG,10,853,0.23329425556858147,0.016412661195779603,0.22860492379835873,0.23563892145369286,6,10,1383.0,15.366666666666667,0.1515644246304692,11180,0.20644007155635063,0.021645796064400716,335,3626,unit demand violated (>15% multi-item or >10% multi-top-item trips),True,False
FEMININE HYGIENE,10,221,0.2579185520361991,0.09049773755656108,0.19909502262443438,0.2669683257918552,9,7,463.0,5.144444444444445,0.0562839496550816,4278,0.17554932211313698,0.0070126227208976155,430,677,fewer than 5 items or <200 category-trips,True,False
FILM AND CAMERA PRODUCTS,10,152,0.23684210526315788,0.013157894736842105,0.23684210526315788,0.24342105263157895,2,8,310.0,3.4444444444444446,0.0519925609104492,982,0.05702647657841141,0.013238289205702648,209,523,fewer than 5 items or <200 category-trips,True,False
FIREWORKS,8,40,0.0,0.0,0.0,0.0,0,0,0.0,0.0,,159,0.24528301886792453,0.11949685534591195,34,139,fewer than 5 items or <200 category-trips,True,False
FIRST AID PRODUCTS,10,247,0.08906882591093117,0.008097165991902834,0.08097165991902834,0.08906882591093117,2,9,192.0,2.1333333333333333,0.03984186758917702,2629,0.1704069988588817,0.017116774438950173,435,686,fewer than 5 items or <200 category-trips,True,False
FITNESS&DIET,10,181,0.143646408839779,0.0055248618784530384,0.143646408839779,0.143646408839779,1,9,220.0,2.4444444444444446,0.05170427624598033,1636,0.42603911980440096,0.03606356968215159,324,490,fewer than 5 items or <200 category-trips,True,False
FLORAL BALLOONS,7,64,0.765625,0.765625,0.03125,0.765625,1,1,294.0,7.0,,354,0.11581920903954802,0.014124293785310734,168,209,fewer than 5 items or <200 category-trips,True,False
FLORAL- HARD GOODS,4,23,0.34782608695652173,0.34782608695652173,0.0,0.34782608695652173,1,0,24.0,2.0,,232,0.0603448275862069,0.0,132,107,fewer than 5 items or <200 category-trips,True,False
FLORAL-ACCESSORIES,2,22,0.9545454545454546,0.8636363636363636,0.09090909090909091,0.9545454545454546,1,1,21.0,10.5,1.4430462702856656e-19,79,0.012658227848101266,0.0,18,72,fewer than 5 items or <200 category-trips,True,False
FLORAL-FLOWERING PLANTS,9,36,0.25,0.1388888888888889,0.1111111111111111,0.25,3,2,72.0,1.0,0.02873552960065622,455,0.03296703296703297,0.002197802197802198,136,179,fewer than 5 items or <200 category-trips,True,False
FLORAL-FOLIAGE PLANTS,8,18,0.1111111111111111,0.1111111111111111,0.0,0.1111111111111111,2,0,14.0,0.25,0.07692307692307694,259,0.05019305019305019,0.003861003861003861,102,104,fewer than 5 items or <200 category-trips,True,False
FLORAL-FRESH CUT,10,339,0.3333333333333333,0.2890855457227139,0.07669616519174041,0.34513274336283184,5,5,943.0,10.477777777777778,0.03417121367107751,2187,0.08916323731138547,0.02194787379972565,305,1253,top 15% most seasonal (Herfindahl of daily demand),True,False
FLOUR & MEALS,10,628,0.20063694267515925,0.12738853503184713,0.10987261146496816,0.21019108280254778,5,8,978.0,10.866666666666667,0.07581270468674733,3123,0.06308037143772013,0.013768812039705411,95,2289,KEPT,True,True
FLUID MILK PRODUCTS,10,1007,0.6007944389275075,0.09731876861966236,0.548162859980139,0.5978152929493545,10,10,1863.0,20.7,0.5517356127756413,67705,0.21493242744258179,0.12523447308175173,455,67966,unit demand violated (>15% multi-item or >10% multi-top-item trips),True,False
FOOT CARE PRODUCTS,10,23,0.08695652173913043,0.0,0.08695652173913043,0.08695652173913043,0,2,18.0,0.2,0.05,523,0.08030592734225621,0.0038240917782026767,135,139,fewer than 5 items or <200 category-trips,True,False
FROZEN,10,128,0.1015625,0.0,0.1015625,0.1015625,0,8,111.0,1.2333333333333334,0.07502762703324871,1542,0.3404669260700389,0.03761348897535668,318,429,fewer than 5 items or <200 category-trips,True,False
FROZEN - BOXED(GROCERY),10,136,0.27205882352941174,0.014705882352941176,0.25735294117647056,0.27205882352941174,2,8,319.0,3.5444444444444443,0.036630438141152626,879,0.07849829351535836,0.011376564277588168,86,472,fewer than 5 items or <200 category-trips,True,False
FROZEN BREAD/DOUGH,10,712,0.21207865168539325,0.0800561797752809,0.21348314606741572,0.2443820224719101,8,10,1061.0,11.78888888888889,0.14230188131183133,7162,0.09159452666852834,0.01075118681932421,140,3070,KEPT,True,True
FROZEN CHICKEN,10,138,0.15217391304347827,0.0,0.15217391304347827,0.15217391304347827,0,9,167.0,1.8555555555555556,0.21930960442910358,461,0.06073752711496746,0.049891540130151846,27,396,fewer than 5 items or <200 category-trips,True,False
FROZEN MEAT,10,712,0.27668539325842695,0.014044943820224719,0.27808988764044945,0.2808988764044944,7,10,1219.0,13.544444444444444,0.20439086938818868,8156,0.18746934771947033,0.016429622363903874,249,2386,unit demand violated (>15% multi-item or >10% multi-top-item trips),True,False
FROZEN PIE/DESSERTS,10,724,0.2472375690607735,0.09116022099447514,0.19613259668508287,0.255524861878453,6,10,1159.0,12.877777777777778,0.16252454955216386,6378,0.14455942301661964,0.00658513640639699,253,3031,KEPT,True,True
FROZEN PIZZA,10,964,0.21369294605809128,0.025933609958506226,0.21680497925311204,0.22199170124481327,8,10,1366.0,15.177777777777777,0.19448195287284006,22794,0.46793015705887514,0.041677634465210146,900,6824,unit demand violated (>15% multi-item or >10% multi-top-item trips),True,False
FRUIT - SHELF STABLE,10,737,0.2618724559023066,0.21438263229308005,0.24559023066485752,0.33242876526458615,8,10,1309.0,14.544444444444444,0.10417010424229929,13193,0.37201546274539526,0.01917683620101569,396,3592,unit demand violated (>15% multi-item or >10% multi-top-item trips),True,False
FRZN BREAKFAST FOODS,10,780,0.26282051282051283,0.016666666666666666,0.2512820512820513,0.26153846153846155,6,10,1167.0,12.966666666666667,0.21179533872685768,7264,0.3142896475770925,0.04887114537444934,256,2859,unit demand violated (>15% multi-item or >10% multi-top-item trips),True,False
FRZN FRUITS,10,434,0.23732718894009217,0.11290322580645161,0.2557603686635945,0.2695852534562212,10,10,711.0,7.9,0.21200195426730298,1097,0.2105742935278031,0.1422060164083865,40,1144,unit demand violated (>15% multi-item or >10% multi-top-item trips),True,False
FRZN ICE,7,337,0.002967359050445104,0.002967359050445104,0.0,0.002967359050445104,1,0,6.0,0.14285714285714285,,2315,0.02159827213822894,0.020734341252699785,28,2345,"insufficient price variation (<2 items changing, or no item with >=10% of pair-weeks moving >=$0.10)",True,False
FRZN JCE CONC/DRNKS,10,466,0.18669527896995708,0.06223175965665236,0.2017167381974249,0.2167381974248927,6,10,647.0,7.188888888888889,0.11854107385138875,1863,0.32045088566827695,0.07407407407407407,107,1256,unit demand violated (>15% multi-item or >10% multi-top-item trips),True,False
FRZN MEAT/MEAT DINNERS,10,932,0.12339055793991416,0.02145922746781116,0.13733905579399142,0.13948497854077252,10,10,339.0,3.7666666666666666,0.5541613296000425,22394,0.5706885772974905,0.05572921318210235,1268,5420,unit demand violated (>15% multi-item or >10% multi-top-item trips),True,False
FRZN NOVELTIES/WTR ICE,10,787,0.25158831003811943,0.01905972045743329,0.21092757306226176,0.21982210927573062,8,10,1248.0,13.866666666666667,0.1284269370829705,10257,0.290338305547431,0.04855220824802574,369,3205,unit demand violated (>15% multi-item or >10% multi-top-item trips),True,False
FRZN POTATOES,10,812,0.2512315270935961,0.024630541871921183,0.2315270935960591,0.23891625615763548,9,10,1100.0,12.222222222222221,0.37041070054957764,8079,0.15373189751206834,0.024012872880306967,144,3306,unit demand violated (>15% multi-item or >10% multi-top-item trips),True,False
FRZN SEAFOOD,4,14,0.2857142857142857,0.07142857142857142,0.21428571428571427,0.2857142857142857,1,2,12.0,1.0,0.12488716226986482,64,0.0,0.0,11,63,fewer than 5 items or <200 category-trips,True,False
FRZN VEGETABLE/VEG DSH,10,929,0.3369214208826695,0.0721205597416577,0.38751345532831,0.39181916038751347,10,10,807.0,8.966666666666667,0.6736809523832853,12646,0.4234540566186937,0.06840107543887396,451,4735,unit demand violated (>15% multi-item or >10% multi-top-item trips),True,False
FUEL,3,102,0.7549019607843137,0.7549019607843137,0.0,0.7549019607843137,3,0,148.0,24.666666666666668,0.019595721361006405,1747,0.0,0.0,4,1782,not audited (removed upstream),False,False
GARDEN CENTER,10,85,0.2,0.15294117647058825,0.08235294117647059,0.2,8,3,147.0,1.6333333333333333,0.06877871314945071,494,0.13562753036437247,0.03441295546558704,115,297,not audited (removed upstream),False,False
GLASSWARE & DINNERWARE,8,17,0.058823529411764705,0.0,0.058823529411764705,0.058823529411764705,0,1,7.0,0.125,,173,0.06358381502890173,0.0,98,72,fewer than 5 items or <200 category-trips,True,False
GRAPES,10,444,0.9887387387387387,0.990990990990991,0.4797297297297297,0.9932432432432432,10,9,2315.0,25.72222222222222,0.18358873169765563,10045,0.05644599303135889,0.05555002488800398,51,10513,fewer than 5 items or <200 category-trips,True,False
GREETING CARDS/WRAP/PARTY SPLY,10,697,0.005738880918220947,0.0,0.005738880918220947,0.005738880918220947,0,2,36.0,0.4,0.0,7514,0.3276550439180197,0.07186585041256321,2751,4013,unit demand violated (>15% multi-item or >10% multi-top-item trips),True,False
HAIR CARE ACCESSORIES,9,27,0.07407407407407407,0.0,0.07407407407407407,0.07407407407407407,0,2,16.0,0.2222222222222222,0.04166666666666667,1186,0.18549747048903878,0.0042158516020236085,407,168,fewer than 5 items or <200 category-trips,True,False
HAIR CARE PRODUCTS,10,201,0.1791044776119403,0.014925373134328358,0.14427860696517414,0.15920398009950248,3,8,282.0,3.1333333333333333,0.15135869840622815,7883,0.3763795509323861,0.007738170747177471,1742,628,fewer than 5 items or <200 category-trips,True,False
HALLOWEEN,10,29,0.3103448275862069,0.10344827586206896,0.27586206896551724,0.3103448275862069,3,6,75.0,0.8333333333333334,0.1863179204984238,615,0.24878048780487805,0.008130081300813009,460,91,fewer than 5 items or <200 category-trips,True,False
HAND/BODY/FACIAL PRODUCTS,10,81,0.18518518518518517,0.024691358024691357,0.1728395061728395,0.18518518518518517,1,8,129.0,1.4333333333333333,0.07908748225386646,2833,0.16201906106600777,0.002117896223085069,685,319,fewer than 5 items or <200 category-trips,True,False
HARDWARE SUPPLIES,9,58,0.1206896551724138,0.034482758620689655,0.08620689655172414,0.1206896551724138,2,3,56.0,0.7777777777777778,0.017075799129808205,1181,0.1126164267569856,0.003386960203217612,365,228,fewer than 5 items or <200 category-trips,True,False
HEAT/SERVE,10,618,0.4077669902912621,0.012944983818770227,0.39805825242718446,0.4077669902912621,3,10,1438.0,15.977777777777778,0.23849999221794288,5254,0.16425580510087553,0.051579748762847356,160,3031,unit demand violated (>15% multi-item or >10% multi-top-item trips),True,False
HERBS,10,526,0.21482889733840305,0.19011406844106463,0.024714828897338403,0.21482889733840305,5,5,977.0,10.855555555555556,0.05490808271226668,3253,0.10544113126344912,0.07070396557024285,88,3135,"insufficient price variation (<2 items changing, or no item with >=10% of pair-weeks moving >=$0.10)",True,False
HISPANIC,10,825,0.21696969696969698,0.05696969696969697,0.18424242424242424,0.22303030303030302,8,10,1203.0,13.366666666666667,0.15065334236546002,14138,0.39652001697552697,0.029919366246993918,1459,3347,unit demand violated (>15% multi-item or >10% multi-top-item trips),True,False
HOME FREEZING & CANNING SUPPLY,9,33,0.06060606060606061,0.06060606060606061,0.0,0.06060606060606061,1,0,16.0,0.2222222222222222,,151,0.26490066225165565,0.1456953642384106,45,120,fewer than 5 items or <200 category-trips,True,False
HOME FURNISHINGS,5,9,0.1111111111111111,0.1111111111111111,0.0,0.1111111111111111,1,0,4.0,0.2,0.16666666666666669,86,0.11627906976744186,0.023255813953488372,60,38,fewer than 5 items or <200 category-trips,True,False
HOSIERY/SOCKS,7,18,0.0,0.0,0.0,0.0,0,0,0.0,0.0,,742,0.1792452830188679,0.0,360,120,fewer than 5 items or <200 category-trips,True,False
HOT CEREAL,10,736,0.22146739130434784,0.13994565217391305,0.15896739130434784,0.23641304347826086,9,9,1113.0,12.366666666666667,0.13752973498093543,5585,0.13267681289167413,0.018979409131602506,170,2425,KEPT,True,True
HOT DOGS,10,862,0.271461716937355,0.01160092807424594,0.27958236658932717,0.28074245939675174,6,9,1454.0,16.155555555555555,0.23909704929609457,10837,0.0714219802528375,0.03017440250991972,180,6996,KEPT,True,True
HOUSEHOLD CLEANG NEEDS,10,449,0.23608017817371937,0.0200445434298441,0.22717149220489977,0.2383073496659243,5,9,812.0,9.022222222222222,0.06752876161740143,7344,0.2757352941176471,0.007352941176470588,447,1217,unit demand violated (>15% multi-item or >10% multi-top-item trips),True,False
ICE CREAM/MILK/SHERBTS,10,819,0.31746031746031744,0.003663003663003663,0.3162393162393162,0.31746031746031744,2,9,1632.0,18.133333333333333,0.16363666797760035,19866,0.2928118393234672,0.0066948555320648345,815,3961,unit demand violated (>15% multi-item or >10% multi-top-item trips),True,False
IMPORTED WINE,10,115,0.08695652173913043,0.08695652173913043,0.0,0.08695652173913043,5,0,86.0,0.9555555555555556,0.073354994128109,1720,0.16686046511627908,0.011627906976744186,499,371,fewer than 5 items or <200 category-trips,True,False
IN-STORE PHOTOFINISHING,10,145,0.9103448275862069,0.9103448275862069,0.034482758620689655,0.9103448275862069,10,4,1002.0,11.133333333333333,0.07010204234508347,714,0.1792717086834734,0.07282913165266107,125,485,fewer than 5 items or <200 category-trips,True,False
INFANT CARE PRODUCTS,9,40,0.15,0.0,0.15,0.15,0,4,48.0,0.6666666666666666,0.021433239276304448,1127,0.19698314108251996,0.0044365572315882874,354,197,fewer than 5 items or <200 category-trips,True,False
INFANT FORMULA,10,425,0.4329411764705882,0.007058823529411765,0.3388235294117647,0.3388235294117647,3,10,1296.0,14.4,0.08896713457909694,2365,0.07780126849894292,0.009725158562367865,145,1277,KEPT,True,True
INSECTICIDES,10,64,0.078125,0.0,0.078125,0.078125,0,3,45.0,0.5,0.016468987322947628,678,0.13274336283185842,0.02064896755162242,120,252,fewer than 5 items or <200 category-trips,True,False
IRONING AND CHEMICALS,9,31,0.0,0.0,0.0,0.0,0,0,0.0,0.0,,398,0.1658291457286432,0.07537688442211055,101,174,fewer than 5 items or <200 category-trips,True,False
ISOTONIC DRINKS,10,730,0.3178082191780822,0.20273972602739726,0.23835616438356164,0.3547945205479452,10,10,684.0,7.6,0.5701921201706537,5285,0.4639545884578997,0.1988647114474929,240,3999,unit demand violated (>15% multi-item or >10% multi-top-item trips),True,False
J-HOOKS,8,31,0.0,0.0,0.0,0.0,0,0,0.0,0.0,,907,0.04189636163175303,0.0,372,173,fewer than 5 items or <200 category-trips,True,False
JUICE,10,193,0.11398963730569948,0.025906735751295335,0.10880829015544041,0.11917098445595854,5,9,180.0,2.0,0.07643884131265893,924,0.170995670995671,0.06060606060606061,115,539,fewer than 5 items or <200 category-trips,True,False
KITCHEN GADGETS,10,140,0.2785714285714286,0.04285714285714286,0.24285714285714285,0.2785714285714286,4,9,337.0,3.7444444444444445,0.051000092287736026,1900,0.12842105263157894,0.003157894736842105,474,440,fewer than 5 items or <200 category-trips,True,False
LAMB,9,32,1.0,1.0,0.0625,1.0,9,2,246.0,3.4166666666666665,0.05085303462682789,174,0.1781609195402299,0.1206896551724138,53,128,fewer than 5 items or <200 category-trips,True,False
LAUNDRY ADDITIVES,10,443,0.18058690744920994,0.006772009029345372,0.17607223476297967,0.17832957110609482,3,9,598.0,6.644444444444445,0.13407186177149288,4438,0.10117169896349706,0.004281207751239297,232,1197,KEPT,True,True
LAUNDRY DETERGENTS,10,655,0.3648854961832061,0.2381679389312977,0.2381679389312977,0.4030534351145038,10,10,1407.0,15.633333333333333,0.22560952657739006,8436,0.0430298719772404,0.0045045045045045045,300,2146,KEPT,True,True
LAWN AND GARDEN SHOP,10,65,0.2153846153846154,0.046153846153846156,0.2,0.2153846153846154,3,5,122.0,1.3555555555555556,0.09021294466032813,292,0.0821917808219178,0.010273972602739725,114,156,fewer than 5 items or <200 category-trips,True,False
LAXATIVES,10,176,0.09090909090909091,0.005681818181818182,0.09090909090909091,0.09090909090909091,1,7,140.0,1.5555555555555556,0.030485353341369682,1371,0.060539752005835154,0.0029175784099197666,175,470,fewer than 5 items or <200 category-trips,True,False
LIQUOR,10,254,0.07874015748031496,0.07874015748031496,0.003937007874015748,0.08267716535433071,8,1,170.0,1.8888888888888888,0.06400902828055226,2291,0.13182016586643386,0.0013094718463553033,456,651,fewer than 5 items or <200 category-trips,True,False
LONG DISTANCE CALLING CARDS,2,7,0.14285714285714285,0.0,0.14285714285714285,0.14285714285714285,0,1,1.0,0.5,,60,0.0,0.0,9,61,fewer than 5 items or <200 category-trips,True,False
LUNCHMEAT,10,910,0.1978021978021978,0.002197802197802198,0.2,0.2,1,9,1280.0,14.222222222222221,0.09668453891591662,23377,0.32198314582709503,0.00817042392094794,800,5088,unit demand violated (>15% multi-item or >10% multi-top-item trips),True,False
MAGAZINE,10,621,0.011272141706924315,0.011272141706924315,0.0,0.011272141706924315,1,0,63.0,0.7,,7160,0.2255586592178771,0.0702513966480447,1222,3188,unit demand violated (>15% multi-item or >10% multi-top-item trips),True,False
MAKEUP AND TREATMENT,10,142,0.176056338028169,0.0,0.176056338028169,0.176056338028169,0,8,221.0,2.4555555555555557,0.03304536786780056,3890,0.3030848329048843,0.002056555269922879,2406,444,fewer than 5 items or <200 category-trips,True,False
MARGARINES,10,931,0.20408163265306123,0.10848549946294307,0.12137486573576799,0.21160042964554243,8,10,1322.0,14.688888888888888,0.14115008877769167,13461,0.06448257930317212,0.01366911819329916,178,7256,KEPT,True,True
MEAT - MISC,10,894,0.36465324384787473,0.03691275167785235,0.37472035794183445,0.3814317673378076,5,10,1784.0,19.822222222222223,0.13505600245198876,8352,0.10847701149425287,0.04717432950191571,195,5686,KEPT,True,True
MEAT - SHELF STABLE,10,954,0.12578616352201258,0.05870020964360587,0.09853249475890985,0.13731656184486374,8,10,892.0,9.911111111111111,0.19596188843291026,13675,0.36745886654478976,0.09140767824497258,401,7378,unit demand violated (>15% multi-item or >10% multi-top-item trips),True,False
MEAT SUPPLIES,2,7,1.0,1.0,0.0,1.0,2,0,7.0,3.5,0.0515545340782082,42,0.0,0.0,4,42,fewer than 5 items or <200 category-trips,True,False
MELONS,10,332,0.5090361445783133,0.2891566265060241,0.3614457831325301,0.5331325301204819,9,9,1111.0,12.344444444444445,0.1314622414658007,4304,0.07411710037174721,0.07016728624535316,49,4531,top 15% most seasonal (Herfindahl of daily demand),True,False
MILK BY-PRODUCTS,10,977,0.49027635619242577,0.25281473899692936,0.48004094165813715,0.5711361310133061,10,10,1859.0,20.655555555555555,0.36831302260454424,19540,0.14938587512794269,0.03899692937563971,289,10951,unit demand violated (>15% multi-item or >10% multi-top-item trips),True,False
MISC WINE,10,130,0.3076923076923077,0.3153846153846154,0.007692307692307693,0.3153846153846154,9,1,334.0,3.7111111111111112,0.08100914905808179,1280,0.1015625,0.0140625,219,417,fewer than 5 items or <200 category-trips,True,False
MISC. DAIRY,10,740,0.1472972972972973,0.1,0.20540540540540542,0.21756756756756757,9,10,735.0,8.166666666666666,0.19803638117675465,7298,0.18046040010961908,0.011784050424773911,246,2562,unit demand violated (>15% multi-item or >10% multi-top-item trips),True,False
MISCELLANEOUS,10,463,0.10367170626349892,0.004319654427645789,0.09935205183585313,0.10367170626349892,2,7,344.0,3.8222222222222224,0.22213435727463807,2199,0.05138699408822192,0.01682582992269213,75,1734,not audited (removed upstream),False,False
MOLASSES/SYRUP/PANCAKE MIXS,10,709,0.1847672778561354,0.03385049365303244,0.16361071932299012,0.18758815232722145,4,10,993.0,11.033333333333333,0.12543515940739547,4494,0.19181130396083668,0.03760569648420116,176,2048,unit demand violated (>15% multi-item or >10% multi-top-item trips),True,False
MUSHROOMS,10,747,0.12182061579651941,0.008032128514056224,0.11378848728246319,0.12182061579651941,5,5,675.0,7.5,0.3094894901546874,4727,0.04294478527607362,0.030040194626613073,80,4476,KEPT,True,True
NATURAL VITAMINS,2,3,0.0,0.0,0.0,0.0,0,0,,,,31,0.0,0.0,13,28,fewer than 5 items or <200 category-trips,True,False
NEW AGE,10,101,0.1188118811881188,0.019801980198019802,0.1188118811881188,0.1188118811881188,1,5,104.0,1.1555555555555554,0.10050700289452599,541,0.059149722735674676,0.02033271719038817,48,378,fewer than 5 items or <200 category-trips,True,False
NEWSPAPER,10,757,0.05151915455746367,0.05019815059445178,0.001321003963011889,0.05151915455746367,3,1,347.0,3.8555555555555556,0.05396320989699794,4766,0.11183382291229542,0.0600083927822073,66,4523,KEPT,True,True
NO COMMODITY DESCRIPTION,10,294,0.2687074829931973,0.272108843537415,0.047619047619047616,0.2925170068027211,6,3,657.0,7.3,0.0510398625006903,2172,0.04189686924493554,0.024861878453038673,467,1168,not audited (removed upstream),False,False
NON EDIBLE PRODUCTS,4,9,0.2222222222222222,0.0,0.2222222222222222,0.2222222222222222,0,2,6.0,0.5,0.12500000000000003,77,0.15584415584415584,0.05194805194805195,32,59,fewer than 5 items or <200 category-trips,True,False
NON-DAIRY BEVERAGES,10,98,0.17346938775510204,0.01020408163265306,0.15306122448979592,0.16326530612244897,1,6,141.0,1.5666666666666667,0.08107175890243579,527,0.1555977229601518,0.030360531309297913,78,266,fewer than 5 items or <200 category-trips,True,False
NUTS,10,374,0.18181818181818182,0.008021390374331552,0.18181818181818182,0.18449197860962566,3,9,514.0,5.711111111111111,0.17002591214866902,1834,0.0812431842966194,0.028353326063249727,112,1217,KEPT,True,True
OLIVES,10,558,0.1917562724014337,0.07526881720430108,0.1827956989247312,0.21505376344086022,9,9,827.0,9.188888888888888,0.0906291922931034,2635,0.10056925996204934,0.03567362428842505,118,1759,KEPT,True,True
ONIONS,10,968,0.7262396694214877,0.7024793388429752,0.07334710743801653,0.7272727272727273,10,8,1967.0,21.855555555555554,0.09242296519964316,15473,0.07807147935112776,0.0655335099851354,117,15178,KEPT,True,True
ORAL HYGIENE PRODUCTS,10,232,0.2801724137931034,0.07327586206896551,0.23275862068965517,0.28879310344827586,8,10,539.0,5.988888888888889,0.07376713820804172,7753,0.24377660260544307,0.0024506642589965173,912,826,unit demand violated (>15% multi-item or >10% multi-top-item trips),True,False
ORGANICS FRUIT & VEGETABLES,10,615,0.3170731707317073,0.15121951219512195,0.18536585365853658,0.3170731707317073,9,10,1389.0,15.433333333333334,0.1278399121762816,5274,0.15510049298445203,0.03261281759575275,305,2527,KEPT,True,True
OVERNIGHT PHOTOFINISHING,2,52,1.0,1.0,0.038461538461538464,1.0,2,2,52.0,26.0,0.012134810483332549,160,0.05,0.01875,30,153,fewer than 5 items or <200 category-trips,True,False
PACKAGED NATURAL SNACKS,10,65,0.27692307692307694,0.27692307692307694,0.0,0.27692307692307694,3,0,162.0,1.8,0.009828921904707693,367,0.1008174386920981,0.01634877384196185,67,231,fewer than 5 items or <200 category-trips,True,False
PAPER HOUSEWARES,10,857,0.19369894982497082,0.026837806301050177,0.17152858809801633,0.19019836639439908,8,10,1210.0,13.444444444444445,0.11999116168304048,7632,0.27672955974842767,0.031839622641509434,260,3809,unit demand violated (>15% multi-item or >10% multi-top-item trips),True,False
PAPER TOWELS,10,910,0.13956043956043956,0.03406593406593406,0.12307692307692308,0.14505494505494507,10,9,971.0,10.78888888888889,0.09861334192915718,10123,0.046725279067470114,0.029734268497480985,136,7098,KEPT,True,True
PARTY TRAYS,9,114,0.11403508771929824,0.008771929824561403,0.10526315789473684,0.11403508771929824,1,5,98.0,1.3611111111111112,0.08268923584741307,401,0.1371571072319202,0.08977556109725686,57,377,fewer than 5 items or <200 category-trips,True,False
PASTA SAUCE,10,881,0.2383654937570942,0.1543700340522134,0.19069239500567536,0.27128263337116915,10,10,1048.0,11.644444444444444,0.38376459581418587,11664,0.22367969821673525,0.016546639231824416,334,3503,unit demand violated (>15% multi-item or >10% multi-top-item trips),True,False
PEARS,10,283,0.9787985865724381,0.9787985865724381,0.2791519434628975,0.9787985865724381,10,6,1863.0,20.7,0.060138454065029004,1969,0.02590147282884713,0.02488572879634332,35,1976,fewer than 5 items or <200 category-trips,True,False
PEPPERS-ALL,10,826,0.3668280871670702,0.30024213075060535,0.07869249394673124,0.3692493946731235,10,9,1839.0,20.433333333333334,0.17086644515378502,8193,0.16208958867325765,0.15623092884169412,63,9519,unit demand violated (>15% multi-item or >10% multi-top-item trips),True,False
PERSONAL CARE APPLIANCES,4,7,0.42857142857142855,0.14285714285714285,0.2857142857142857,0.42857142857142855,1,2,9.0,0.75,0.25,160,0.04375,0.00625,81,55,fewer than 5 items or <200 category-trips,True,False
PET CARE SUPPLIES,10,102,0.10784313725490197,0.00980392156862745,0.08823529411764706,0.09803921568627451,1,3,95.0,1.0555555555555556,0.08568931204733495,2502,0.18585131894484413,0.0003996802557953637,642,343,fewer than 5 items or <200 category-trips,True,False
PICKLE/RELISH/PKLD VEG,10,559,0.19320214669051877,0.012522361359570662,0.18783542039355994,0.19320214669051877,6,10,820.0,9.11111111111111,0.10130592660861165,6123,0.13114486362894007,0.004899559039686428,301,1509,KEPT,True,True
PIES,10,291,0.20962199312714777,0.030927835051546393,0.21305841924398625,0.21649484536082475,5,9,509.0,5.655555555555556,0.04594932776373359,2770,0.07292418772563176,0.022021660649819495,224,1275,top 15% most seasonal (Herfindahl of daily demand),True,False
PLASTIC HOUSEWARES,10,238,0.27310924369747897,0.08403361344537816,0.23949579831932774,0.2773109243697479,9,9,513.0,5.7,0.12831908250571222,2175,0.15862068965517243,0.023908045977011495,320,675,fewer than 5 items or <200 category-trips,True,False
PNT BTR/JELLY/JAMS,10,811,0.23921085080147966,0.040690505548705305,0.23057953144266338,0.24167694204685575,9,10,1298.0,14.422222222222222,0.1339022391130631,10301,0.21726046014950004,0.02524026793515193,376,4592,unit demand violated (>15% multi-item or >10% multi-top-item trips),True,False
POPCORN,10,343,0.22740524781341107,0.0,0.22740524781341107,0.22740524781341107,0,10,570.0,6.333333333333333,0.13956712526616305,3919,0.1140597091094667,0.010206685378923195,199,1096,KEPT,True,True
PORK,10,459,0.9934640522875817,0.9934640522875817,0.6383442265795207,0.9978213507625272,10,10,2042.0,22.68888888888889,0.08663368116971443,12264,0.12516307893020223,0.00921395955642531,598,4919,fewer than 5 items or <200 category-trips,True,False
PORTABLE ELECTRIC APPLIANCES,6,8,0.125,0.125,0.25,0.25,1,2,5.0,0.16666666666666666,,122,0.02459016393442623,0.00819672131147541,56,60,fewer than 5 items or <200 category-trips,True,False
POTATOES,10,782,0.4092071611253197,0.2966751918158568,0.159846547314578,0.4156010230179028,10,9,2046.0,22.733333333333334,0.08948179654992608,15200,0.059013157894736844,0.03743421052631579,141,13453,KEPT,True,True
PREPAID WIRELESS&ACCESSORIES,10,222,0.013513513513513514,0.0,0.013513513513513514,0.013513513513513514,0,2,27.0,0.3,0.01545611669337961,1025,0.0624390243902439,0.03902439024390244,47,943,fewer than 5 items or <200 category-trips,True,False
PREPARED FOOD,10,418,0.6507177033492823,0.4880382775119617,0.3277511961722488,0.6483253588516746,9,8,1818.0,20.2,0.08480547583344471,4636,0.040983606557377046,0.015962036238136326,164,4075,fewer than 5 items or <200 category-trips,True,False
PREPARED/PKGD FOODS,10,54,0.14814814814814814,0.0,0.14814814814814814,0.14814814814814814,0,5,66.0,0.7333333333333333,0.14461931622157403,669,0.2929745889387145,0.04185351270553064,182,241,fewer than 5 items or <200 category-trips,True,False
PROCESSED,10,515,0.11650485436893204,0.007766990291262136,0.11067961165048544,0.11650485436893204,4,7,416.0,4.622222222222222,0.09665601703663235,4676,0.10949529512403763,0.0051325919589392645,319,1608,KEPT,True,True
PROPANE,2,16,0.0625,0.0625,0.0,0.0625,1,0,1.0,0.5,,54,0.018518518518518517,0.018518518518518517,3,55,fewer than 5 items or <200 category-trips,True,False
PWDR/CRYSTL DRNK MX,10,960,0.10625,0.011458333333333333,0.11354166666666667,0.115625,10,10,104.0,1.1555555555555554,0.8996258517868709,5275,0.5522274881516588,0.30161137440758296,281,6175,unit demand violated (>15% multi-item or >10% multi-top-item trips),True,False
REFRGRATD DOUGH PRODUCTS,10,856,0.38317757009345793,0.169392523364486,0.35397196261682246,0.4182242990654206,6,10,1688.0,18.755555555555556,0.24008323336822607,14028,0.25933846592529225,0.02566295979469632,415,4603,unit demand violated (>15% multi-item or >10% multi-top-item trips),True,False
REFRGRATD JUICES/DRNKS,10,974,0.27720739219712526,0.03285420944558522,0.27618069815195073,0.2864476386036961,10,8,1628.0,18.08888888888889,0.18518868919915765,25614,0.16623721402358085,0.03947060201452331,394,12715,unit demand violated (>15% multi-item or >10% multi-top-item trips),True,False
REFRIGERATED,10,580,0.16034482758620688,0.034482758620689655,0.13275862068965516,0.16379310344827586,8,9,583.0,6.477777777777778,0.1723068302361431,5126,0.27896995708154504,0.02945766679672259,390,1431,unit demand violated (>15% multi-item or >10% multi-top-item trips),True,False
RESTRICTED DIET,2,2,0.0,0.5,0.5,0.5,1,1,,,,37,0.21621621621621623,0.08108108108108109,30,26,fewer than 5 items or <200 category-trips,True,False
RICE CAKES,10,246,0.14634146341463414,0.008130081300813009,0.13821138211382114,0.14634146341463414,1,8,306.0,3.4,0.12905773300018172,1244,0.21543408360128619,0.0707395498392283,60,796,unit demand violated (>15% multi-item or >10% multi-top-item trips),True,False
ROLLS,10,706,0.16572237960339944,0.012747875354107648,0.1558073654390935,0.16572237960339944,6,10,835.0,9.277777777777779,0.12176811789798872,5054,0.07123070834982193,0.015829046299960427,217,3158,KEPT,True,True
ROSES,8,107,0.29906542056074764,0.14018691588785046,0.205607476635514,0.29906542056074764,6,6,204.0,3.642857142857143,0.0878794538559168,499,0.02004008016032064,0.014028056112224449,50,434,fewer than 5 items or <200 category-trips,True,False
SALAD BAR,10,837,0.9127837514934289,0.9139784946236559,0.34647550776583036,0.9199522102747909,9,8,1690.0,18.77777777777778,0.10963000576648546,8266,0.11952576820711348,0.08625695620614565,48,8658,fewer than 5 items or <200 category-trips,True,False
SALAD MIX,10,948,0.5685654008438819,0.006329113924050633,0.5654008438818565,0.569620253164557,5,10,2135.0,23.72222222222222,0.44773092481561777,15429,0.09456218808736794,0.028193661287186467,253,10107,KEPT,True,True
SALADS/DIPS,10,701,0.43081312410841655,0.19543509272467904,0.23252496433666192,0.4222539229671897,4,9,1556.0,17.288888888888888,0.32807361046507205,5991,0.2056417960273744,0.03588716407945251,337,2371,unit demand violated (>15% multi-item or >10% multi-top-item trips),True,False
SALD DRSNG/SNDWCH SPRD,10,867,0.23414071510957324,0.04382929642445214,0.21453287197231835,0.23298731257208766,7,10,1379.0,15.322222222222223,0.11959934487838433,16637,0.2141612069483681,0.018512953056440466,655,5745,unit demand violated (>15% multi-item or >10% multi-top-item trips),True,False
SANDWICHES,10,299,0.31438127090301005,0.2842809364548495,0.033444816053511704,0.31438127090301005,7,2,778.0,8.644444444444444,0.11152028554082125,884,0.12330316742081449,0.10407239819004525,72,804,unit demand violated (>15% multi-item or >10% multi-top-item trips),True,False
SEAFOOD - FROZEN,10,530,0.44716981132075473,0.19811320754716982,0.3660377358490566,0.4547169811320755,7,10,1567.0,17.41111111111111,0.07881414655180136,7468,0.13818960899839314,0.008971612212104981,408,2310,KEPT,True,True
SEAFOOD - MISC,10,252,0.15476190476190477,0.0,0.15476190476190477,0.15476190476190477,0,7,339.0,3.7666666666666666,0.043886947650092004,1132,0.06978798586572438,0.02561837455830389,96,779,fewer than 5 items or <200 category-trips,True,False
SEAFOOD - SHELF STABLE,10,811,0.26633785450061653,0.1159062885326757,0.20221948212083848,0.28236744759556104,9,10,1496.0,16.622222222222224,0.11648513920212697,7836,0.11855538540071466,0.026416539050535988,209,4654,KEPT,True,True
SEAFOOD-FRESH,10,439,0.9430523917995444,0.8929384965831435,0.33712984054669703,0.9430523917995444,9,10,2144.0,23.822222222222223,0.07250952102149148,3658,0.12137780207763806,0.021323127392017496,336,1763,fewer than 5 items or <200 category-trips,True,False
SEASONAL,10,51,0.5882352941176471,0.19607843137254902,0.39215686274509803,0.5882352941176471,5,4,208.0,2.311111111111111,0.37778720902413326,236,0.05508474576271186,0.05508474576271186,18,238,fewer than 5 items or <200 category-trips,True,False
SERVICE BEVERAGE,8,73,0.0547945205479452,0.0136986301369863,0.0410958904109589,0.0547945205479452,1,3,28.0,0.5,0.021276595744680837,287,0.11149825783972125,0.08013937282229965,33,275,not audited (removed upstream),False,False
SEWING,7,9,0.0,0.0,0.0,0.0,0,0,0.0,0.0,,150,0.18666666666666668,0.1,40,97,fewer than 5 items or <200 category-trips,True,False
SHAVING CARE PRODUCTS,10,182,0.15934065934065933,0.0989010989010989,0.12087912087912088,0.18681318681318682,5,7,245.0,2.7222222222222223,0.05015719598990407,3275,0.18442748091603053,0.004274809160305344,452,521,fewer than 5 items or <200 category-trips,True,False
SHOE CARE,5,7,0.0,0.0,0.0,0.0,0,0,0.0,0.0,,222,0.21171171171171171,0.013513513513513514,123,68,fewer than 5 items or <200 category-trips,True,False
SHORTENING/OIL,10,773,0.17464424320827943,0.111254851228978,0.2276843467011643,0.24191461836998707,7,10,907.0,10.077777777777778,0.15667751577239059,8212,0.08219678519240137,0.013760350706283488,270,4305,KEPT,True,True
SINUS AND ALLERGY,10,111,0.16216216216216217,0.02702702702702703,0.16216216216216217,0.17117117117117117,3,8,158.0,1.7555555555555555,0.036663687823814795,1679,0.04466944609886837,0.0011911852293031567,195,402,fewer than 5 items or <200 category-trips,True,False
SMOKED MEATS,10,510,0.5745098039215686,0.5509803921568628,0.07647058823529412,0.5745098039215686,6,6,1661.0,18.455555555555556,0.10264331249043936,3900,0.04230769230769231,0.009743589743589744,181,1936,"insufficient price variation (<2 items changing, or no item with >=10% of pair-weeks moving >=$0.10)",True,False
SMOKING CESSATIONS,4,5,0.2,0.0,0.2,0.2,0,1,3.0,0.25,,79,0.0,0.0,27,60,fewer than 5 items or <200 category-trips,True,False
SNACK NUTS,10,452,0.19911504424778761,0.0,0.19690265486725664,0.19690265486725664,0,8,714.0,7.933333333333334,0.10356563151191302,4661,0.12529500107273117,0.006221840806693842,247,1169,KEPT,True,True
SNACKS,10,243,0.16049382716049382,0.012345679012345678,0.15637860082304528,0.16049382716049382,2,10,325.0,3.611111111111111,0.08418483772987598,1265,0.11225296442687747,0.04189723320158103,106,624,fewer than 5 items or <200 category-trips,True,False
SNKS/CKYS/CRKR/CNDY,10,140,0.15714285714285714,0.0,0.16428571428571428,0.16428571428571428,0,10,166.0,1.8444444444444446,0.15626104536612798,953,0.3074501573976915,0.08394543546694648,261,430,fewer than 5 items or <200 category-trips,True,False
SOAP - LIQUID & BAR,10,332,0.2469879518072289,0.04819277108433735,0.22590361445783133,0.25301204819277107,7,10,610.0,6.777777777777778,0.1627201591380521,5827,0.18122533035867514,0.004461987300497683,500,925,unit demand violated (>15% multi-item or >10% multi-top-item trips),True,False
SOFT DRINKS,10,1005,0.4059701492537313,0.005970149253731343,0.39800995024875624,0.4009950248756219,6,9,2046.0,22.733333333333334,0.2110031115405017,67993,0.41483682143750095,0.05224067183386525,1696,27223,unit demand violated (>15% multi-item or >10% multi-top-item trips),True,False
SOUP,10,938,0.2281449893390192,0.12366737739872068,0.17164179104477612,0.2526652452025586,8,10,1462.0,16.244444444444444,0.1892585375881689,23287,0.48524928071456175,0.05822991368574741,976,8478,unit demand violated (>15% multi-item or >10% multi-top-item trips),True,False
SPICES & EXTRACTS,10,764,0.14267015706806283,0.020942408376963352,0.11910994764397906,0.1400523560209424,7,9,779.0,8.655555555555555,0.21050510467670577,9395,0.24044704630122404,0.020223523150612027,730,2692,unit demand violated (>15% multi-item or >10% multi-top-item trips),True,False
SPORTS MEMORABLILIA,7,13,0.23076923076923078,0.23076923076923078,0.23076923076923078,0.3076923076923077,3,2,18.0,0.42857142857142855,0.041089742860691864,200,0.115,0.01,114,71,fewer than 5 items or <200 category-trips,True,False
SPRING/SUMMER SEASONAL,10,172,0.046511627906976744,0.023255813953488372,0.01744186046511628,0.040697674418604654,1,2,70.0,0.7777777777777778,0.05833320469523269,1875,0.08586666666666666,0.013333333333333334,531,646,fewer than 5 items or <200 category-trips,True,False
SQUASH,10,348,0.9942528735632183,0.9942528735632183,0.11781609195402298,0.9942528735632183,10,6,2096.0,23.288888888888888,0.08305442485743453,2026,0.14659427443237907,0.14116485686080948,35,2284,fewer than 5 items or <200 category-trips,True,False
STATIONERY & SCHOOL SUPPLIES,10,190,0.35789473684210527,0.10526315789473684,0.3105263157894737,0.3684210526315789,7,10,506.0,5.622222222222222,0.09173714218427068,4595,0.27159956474428726,0.010228509249183896,1251,678,fewer than 5 items or <200 category-trips,True,False
STONE FRUIT,10,439,0.9908883826879271,0.9886104783599089,0.5899772209567198,0.9977220956719818,10,10,1341.0,14.9,0.10676614224649243,5443,0.17288260150652213,0.1506522138526548,58,6039,fewer than 5 items or <200 category-trips,True,False
SUGARS/SWEETNERS,10,854,0.12177985948477751,0.0234192037470726,0.10304449648711944,0.12295081967213115,8,9,788.0,8.755555555555556,0.15203051005845955,10213,0.09693527856653285,0.047684323900910604,149,7918,KEPT,True,True
SUNTAN,5,8,0.375,0.0,0.375,0.375,0,3,12.0,0.6,0.14285714285714288,367,0.14986376021798364,0.010899182561307902,187,75,fewer than 5 items or <200 category-trips,True,False
SUSHI,10,150,0.0,0.0,0.0,0.0,0,0,0.0,0.0,,623,0.3162118780096308,0.11235955056179775,88,437,fewer than 5 items or <200 category-trips,True,False
SWEET GOODS & SNACKS,10,308,0.1266233766233766,0.02922077922077922,0.10064935064935066,0.1266233766233766,4,6,333.0,3.7,0.059168816186520624,1597,0.06574827802128992,0.020037570444583593,133,906,top 15% most seasonal (Herfindahl of daily demand),True,False
SYRUPS/TOPPINGS,10,216,0.2037037037037037,0.046296296296296294,0.17592592592592593,0.18981481481481483,6,8,370.0,4.111111111111111,0.0770497282973222,1063,0.187206020696143,0.05738476011288805,73,622,fewer than 5 items or <200 category-trips,True,False
TEAS,10,330,0.2,0.00909090909090909,0.19090909090909092,0.2,2,9,530.0,5.888888888888889,0.06144559505035177,3480,0.11867816091954023,0.0005747126436781609,331,850,fewer than 5 items or <200 category-trips,True,False
TICKETS,4,111,0.06306306306306306,0.06306306306306306,0.0,0.06306306306306306,2,0,21.0,1.75,0.0001943161506449389,706,0.0084985835694051,0.0084985835694051,7,713,fewer than 5 items or <200 category-trips,True,False
TOBACCO OTHER,10,186,0.07526881720430108,0.043010752688172046,0.04838709677419355,0.08064516129032258,3,4,124.0,1.3777777777777778,0.035355339059327376,925,0.017297297297297298,0.0,89,545,not audited (removed upstream),False,False
TOMATOES,10,883,0.6602491506228766,0.5911664779161948,0.17780294450736125,0.6625141562853907,10,10,2351.0,26.122222222222224,0.10961894378540331,15160,0.03601583113456464,0.032519788918205804,82,15311,KEPT,True,True
TOYS AND GAMES,8,126,0.24603174603174602,0.07142857142857142,0.18253968253968253,0.24603174603174602,3,4,209.0,3.732142857142857,0.05231577901017468,1878,0.16240681576144836,0.003194888178913738,828,560,fewer than 5 items or <200 category-trips,True,False
TROPICAL FRUIT,10,682,0.36656891495601174,0.24486803519061584,0.20967741935483872,0.3680351906158358,10,10,1752.0,19.466666666666665,0.09670933845658634,32186,0.055054992854035915,0.050394581495059966,81,33676,KEPT,True,True
TURKEY,10,334,0.4491017964071856,0.2964071856287425,0.218562874251497,0.4491017964071856,7,9,1162.0,12.911111111111111,0.07427084260210765,2767,0.05746295627032887,0.020238525478857967,184,1608,top 15% most seasonal (Herfindahl of daily demand),True,False
UNKNOWN,10,191,0.3717277486910995,0.3403141361256545,0.08376963350785341,0.3717277486910995,7,4,555.0,6.166666666666667,0.10884812272098807,1062,0.027306967984934087,0.007532956685499058,50,908,fewer than 5 items or <200 category-trips,True,False
VALENTINE,10,23,0.4782608695652174,0.13043478260869565,0.4782608695652174,0.5217391304347826,1,7,91.0,1.011111111111111,0.18713342515606657,430,0.27906976744186046,0.013953488372093023,253,99,fewer than 5 items or <200 category-trips,True,False
VALUE ADDED FRUIT,10,845,0.9857988165680474,0.9846153846153847,0.020118343195266272,0.9857988165680474,10,4,1223.0,13.588888888888889,0.11279334791033285,5817,0.14113804366511948,0.07615609420663572,79,4951,fewer than 5 items or <200 category-trips,True,False
VALUE ADDED VEGETABLES,10,485,0.18969072164948453,0.020618556701030927,0.17525773195876287,0.18969072164948453,6,10,674.0,7.488888888888889,0.12062242514236844,2096,0.07967557251908397,0.030057251908396948,95,1486,KEPT,True,True
VEAL,3,19,0.3684210526315789,0.3684210526315789,0.0,0.3684210526315789,2,0,14.0,2.3333333333333335,0.000217965984089351,101,0.0297029702970297,0.0297029702970297,22,92,fewer than 5 items or <200 category-trips,True,False
VEGETABLES - ALL OTHERS,10,926,0.5453563714902808,0.4892008639308855,0.1447084233261339,0.5464362850971922,10,6,2343.0,26.033333333333335,0.1069833934368021,16240,0.19316502463054186,0.11200738916256157,202,15346,KEPT,True,True
VEGETABLES - SHELF STABLE,10,953,0.25813221406086045,0.1416579223504722,0.26862539349422876,0.3074501573976915,8,10,1174.0,13.044444444444444,0.3074640877821807,22413,0.4603132110828537,0.08441529469504305,831,9536,unit demand violated (>15% multi-item or >10% multi-top-item trips),True,False
VEGETABLES SALAD,10,825,0.38303030303030305,0.37212121212121213,0.02181818181818182,0.3842424242424242,7,6,1846.0,20.511111111111113,0.13718998558063214,10653,0.05669764385619074,0.05359992490378297,60,11066,KEPT,True,True
VITAMINS,9,68,0.38235294117647056,0.04411764705882353,0.38235294117647056,0.39705882352941174,1,7,198.0,2.75,0.10856159316818326,1985,0.14760705289672543,0.0015113350125944584,652,297,fewer than 5 items or <200 category-trips,True,False
WAREHOUSE SNACKS,10,686,0.33527696793002915,0.0,0.3250728862973761,0.3250728862973761,0,10,936.0,10.4,0.468195647885666,6481,0.26307668569665177,0.10199043357506557,298,3698,unit demand violated (>15% multi-item or >10% multi-top-item trips),True,False
WATCHES/CALCULATORS/LOBBY,2,3,0.0,0.0,0.0,0.0,0,0,,,,40,0.025,0.0,23,28,fewer than 5 items or <200 category-trips,True,False
WATER,10,390,0.17692307692307693,0.023076923076923078,0.1641025641025641,0.1794871794871795,5,10,411.0,4.566666666666666,0.3583769743546664,1385,0.28664259927797836,0.2505415162454874,73,1610,unit demand violated (>15% multi-item or >10% multi-top-item trips),True,False
WATER - CARBONATED/FLVRD DRINK,10,964,0.06327800829875518,0.005186721991701245,0.06224066390041494,0.06327800829875518,3,7,495.0,5.5,0.06554194179430152,17664,0.14181385869565216,0.014492753623188406,434,8438,KEPT,True,True
YOGURT,10,964,0.21058091286307054,0.024896265560165973,0.2012448132780083,0.21887966804979253,9,10,621.0,6.9,0.7500010683882129,17459,0.5776963170857438,0.08814937854401741,686,6184,unit demand violated (>15% multi-item or >10% multi-top-item trips),True,False
