user_id,slope
0,-0.22823267443302583
1,-0.6498974031487353
2,-0.48677359262823316
3,0.13922958680038744
5,-0.14168554866243666
6,-0.2669107122292612
7,-0.15845766543996287
8,-0.18962797697522374
9,-0.20671341424115813
11,-0.30135190100378373
12,-0.1165119505785817
13,-0.2361968997990583
14,-0.07189209410066348
15,-0.15340798189521176
16,-0.1808021614331826
17,-0.49453006889081497
18,-0.24049675618859978
19,0.14555004804756758
20,-0.292407054186798
21,0.553124973146909
22,-0.16294962257168294
23,-0.03900823359866868
27,-0.3138509829458788
28,-0.7425186030307966
29,-0.12749235651877802
30,-0.12155007023947442
31,-0.27086140915717877
32,-0.29630833858644434
33,-0.21001401304412676
36,-0.18280153006006172
37,-0.17982265185504473
39,-0.4889827345978833
40,0.07304961385536644
41,-0.10697781216548283
42,-0.3730278853328461
43,-0.310523198299944
44,-0.1648807098850594
45,-0.22426094793197446
46,-0.1338415792058664
49,-0.06739747541285962
52,-0.3305710517962068
53,-0.25361781503584563
54,-0.25979895297318023
56,-0.29967788706929954
57,-0.07619906868252267
58,0.017559164352216917
59,-0.10498875495889118
60,-0.2876485999348424
61,-0.23643528838596603
62,-0.2440037726846529
63,-0.06140108461409246
64,-0.1859009918305125
68,-0.19072112951950518
69,-0.0596138239995377
71,-0.131607605003819
72,-0.16905917223610842
73,-0.06179839700062099
74,-0.07197384439504581
76,-0.16728866424580233
78,-0.14414792407452728
79,-0.3776389342383729
80,-0.07244870363685402
81,0.20703890092974414
82,-0.4958687146301671
84,-0.35664190548605207
85,-0.2698347001366981
88,-0.16485612305803138
89,-0.026945365460479438
90,-0.24009099238913556
91,-0.17905889911401984
93,-0.15536463687079885
94,-0.6067614485353386
95,-0.1454688837287848
96,-0.1714811114346106
97,-0.05867126511052727
98,-0.07196970762081688
99,0.06229022571464322
100,-0.5362120238637917
101,-0.22278155851037376
102,-0.06578070728532835
104,-0.29725026285894834
106,-0.33113255916606327
107,-0.07269226262121636
108,-0.10467053277430148
109,-0.21440728119333033
110,-0.11291528919782547
111,-0.26232324878152136
112,-0.6249870058806243
113,0.0020158356398242423
114,-0.30949007040389453
116,-0.04536259655476736
117,-0.0645750639269632
118,-0.18149546321471155
120,0.13302261021078507
121,-0.4071905774010433
122,-0.08584900500044952
125,-0.10374345558215346
127,-0.016380292851247386
128,-0.2878232361782321
130,-0.5864159824915369
132,-0.09968804199974605
133,-0.10800109461842351
134,-0.33371733565191114
135,-0.04430087768176787
136,-0.2269389824487388
137,-0.034949036327670324
138,-0.14322665509771876
139,-0.007010138128309103
140,-0.31200865805142897
141,-0.4854337826324424
142,-0.31254252569401964
144,-0.24666830614097296
146,0.0020432294218213935
147,-0.01957791964085005
148,-0.19660862688477262
150,-0.2744718436752174
152,0.011233918733740668
153,-0.25901722433510244
154,-0.03403031507082498
155,-0.053030287669842496
156,-0.2243004310021547
157,-0.4621358407107
158,-0.5245123353218872
159,-0.9464307837053104
162,-0.10228910624825867
163,-0.26102972881682185
164,-0.06653852556821946
165,-0.22212631784548206
166,-0.24672677254119965
167,-0.008687672716986712
168,-0.1308321176970762
171,-0.5029443924638387
175,-0.11634044324504544
176,-0.3105941930227339
177,-0.2481946701112659
178,-0.1223599581849642
179,-0.028677080083442538
180,-0.08121353745189455
181,-0.11437441865319334
182,-0.07991228555082719
183,-0.10399581666419305
184,-0.05549334835476106
185,-0.11499827279471153
186,-0.10644650910760128
187,-0.2363860129980017
188,-0.30478994607345117
189,0.03580217455794119
190,-0.5726488866277882
191,-0.11639016088770922
193,-1.0682957621289324
194,-0.24111973631068173
195,-0.05631238325154183
197,-0.1472353777899705
198,-0.10447757041865202
199,-0.21797252016753815
200,-0.35603974925209225
202,-0.14064555193630807
203,-0.10426851819516578
204,-0.11947951459624617
205,-0.13413303184486564
208,0.11379745213776998
209,-0.8050369744979525
210,-0.18261096749253267
211,-0.1281204877468489
212,-0.04984561777582303
213,-0.32344032781924104
215,0.008276094207316897
216,-0.2019532109076772
217,-0.121463924024715
218,-0.3530518713432013
221,-0.0856191245288273
222,-0.13681106552406191
223,-0.17638999293808394
224,-0.430114746321155
225,-0.19662206392954137
227,-0.057065671403011616
229,-0.23505374652101743
230,-0.12769628028857044
231,-0.25715944286788
232,-0.251840229941877
233,-0.15840961759694283
234,-0.47544143609102363
235,-0.5876376934457047
236,-0.2958302266467942
237,-0.15394640715237673
238,-0.004169965637124579
239,-0.07706489892157374
241,-0.025779488160624957
242,-0.10333959209001502
243,-0.039432753410123006
244,-0.10841367312497786
245,-0.4294652358322245
247,-0.13919902807973003
248,-0.150794498270025
249,0.0012966206012707062
250,-0.15487393905161864
251,-0.16680941805757396
253,-0.2390209643702588
254,-0.14464315635920638
255,-0.40100297587950334
256,-0.5158486427946066
257,-0.03482226246147997
258,-0.45744770946903784
259,-0.1714587021995313
260,-0.11870531998242521
261,0.0389721907120455
262,-0.1835278738020482
263,-0.23809785682823195
264,-0.31868248474154404
265,-0.36519093618043125
266,-0.18604715227725047
267,0.03851364517054271
268,-0.13017596327885705
269,-0.5212340745909023
272,-0.07653688957157409
273,-0.03723925806365919
274,-0.10023598869091085
275,-0.29125789780231565
276,-0.20002242775687948
277,-0.34998520834372954
278,-0.05054943002334585
279,-0.1585684545676853
280,-0.1489156760126995
281,-0.44791582457826873
282,-0.1939993594306026
283,-0.41618167189464544
285,-0.11539945832102216
287,-0.013518828265726384
288,-0.2582598972590171
289,-0.05810411636932763
290,-0.5083757472184649
292,-0.04783497804730374
293,-0.4003520583542262
294,-0.26295576973832424
295,-0.3162033014992429
296,-0.4094424577121346
297,-0.07345422452374917
298,-0.330860621778371
300,-0.22413546334132084
301,-0.11665564316221315
302,-0.32746314853528175
303,-0.009379462029291855
304,-0.1646567447818994
305,-0.18580218204691684
306,-0.15312206193944666
308,-0.11462178439773313
309,-0.09437583697376319
310,0.0031128050844370057
312,-0.1664707523776935
313,-0.08442656128900122
314,-0.27406649824024704
315,-0.19078639361882155
317,-0.12263438797748698
318,-0.1524747149252183
319,-0.16515581260325646
320,-0.17604449019560997
321,-0.27994717037969635
322,-0.052224956362887695
323,-0.2394779156660893
324,-0.6710400212898672
326,0.01409340506775762
327,-0.3453454722886241
328,-0.16215565363669251
329,-0.20320937727593996
330,-0.04671869578750837
331,-0.24375646354995997
332,-0.4046148143159522
333,-0.06221545401844498
334,-0.266653246034243
335,0.02504935752973082
337,-0.034386310124871644
338,-0.2702686662848919
341,-0.12142746465390407
342,-0.21261876440576463
343,-0.47120141970703555
344,-0.14833382869089465
345,-0.029549199458147615
346,-0.0895880748277118
347,-0.005471205192189322
348,-0.2552249526077532
349,-0.35130246848346613
350,-0.17288242836746548
352,-0.2372035631514353
353,-0.5128705573717747
355,-0.302568022249818
356,-0.08511598406362474
358,-0.2746680108435446
360,0.020444114990801957
362,-0.4455233121338589
363,-0.06944019884960968
364,-0.18282827143280958
365,0.8684516305308897
366,-0.03251949861401041
367,-0.17646802448521726
368,-0.190672007205982
370,-0.031057600572073463
371,-0.056626779463165
372,-0.4305987924441377
374,-0.3797810013427671
375,-0.36327550372002665
378,-0.05310155129137619
379,-0.027609306356536883
381,-0.24691541341559212
382,-0.337172702359822
383,-0.14087650375618696
384,-0.12946524294766695
385,-0.0849204235667048
387,-0.03198095643537918
388,-0.30342736642953033
390,-0.35976330349035796
391,-0.3673385769024027
392,-0.09269009712540378
393,-0.240620032782479
394,-0.7248024980551113
395,-0.13394503335294128
396,-0.30121487307764566
397,-0.00984760908054032
398,0.02120332426886327
399,-0.2377512001217021
401,0.004996905238466083
402,-0.24027951052663088
403,-0.09250083319233844
404,-0.5070731415029157
405,-0.4186999988871141
406,-0.11651845753722943
407,-0.372002250723058
408,-0.12845450099591058
409,-0.5662864617817865
410,0.02446179915385557
411,-0.42573265342372163
412,-0.08625517941446348
413,-0.7148850520664937
418,-0.20465343680300668
419,-0.04767152970480236
420,-1.031461984908251
421,-0.36233341675615366
422,-0.1643220433527178
423,-0.32272686882662055
424,-0.05081488596930156
425,-0.31578396543736187
426,-0.08092789352503645
427,-0.4915407960632906
428,-0.14816522589219183
429,-0.2904801241934898
431,-0.23345177361417094
433,-0.03259177284467587
434,-0.26489677128015776
436,-0.2585521486104682
437,-0.04374002421393502
438,-0.3923848308640351
440,-0.5619008281014941
441,-0.2840622393042123
442,-0.0365118841256261
444,-0.3786817307447417
446,-0.2113260362244638
447,-0.5199398264611417
448,-0.0808002876721681
449,-0.5041457726623162
450,-0.27906585763220126
451,-0.09895397355632035
453,-0.09904552928523494
454,-0.6628578879714336
455,-0.06916538834477855
456,-0.10780082706707368
457,-0.5303297679835474
458,-0.14765019954687097
460,-0.24819281296970497
461,-0.10078709198902047
464,-0.08993866862239405
465,-0.08105256260560713
467,-0.3805781486513568
468,-0.23370591441586258
470,-0.31667225567748597
471,-0.293350195208479
472,-0.04578643718502986
473,-0.07726789083873419
475,-0.09233702901334122
476,-0.2008046599238939
477,-0.20894877378928492
478,-0.1360706810543408
479,-0.12147121606718592
480,-0.12245936210135622
482,-0.026527716360407017
483,-0.492731941856399
484,-0.2850249829132776
485,-0.19870723787956274
488,-0.11036847801794882
490,-0.13329318435004678
491,-0.318124161224458
492,-0.226196356596057
495,-0.4764027076433535
496,-0.5103729947178587
497,-0.09748748980906548
498,-0.23467162012617762
499,-0.24529299052410297
500,-0.5182096647601644
501,-0.011014992160501912
502,-0.2355763796261916
503,-0.33289438490499657
504,-0.09547645005883439
505,-0.10993003277086873
506,-0.09999479391304646
507,-0.5897070466315308
508,-0.22478719968450744
509,-0.40033695481749376
510,-0.38521943158895033
511,-0.22138917652226875
512,-0.17568353678918985
513,-0.20745453522632873
514,-0.21071745035194495
515,-0.07955219067925118
516,-0.44606530112712717
517,-0.2791991305741862
518,-0.3963347438492661
519,-0.015649166508952338
523,-0.4082361320002737
524,-0.3052241450323564
525,-0.09811595942564956
526,-0.5605300628255178
528,-0.24361447074691445
529,-0.6094314658921379
530,-0.16945441755732898
531,-0.30580235497012265
532,-0.19457346961977182
533,-0.11560815295306547
534,-0.0719495878695419
535,-0.5382046451814159
536,-0.03397281591523839
538,-0.6115317913801366
539,-0.281915207039087
540,-0.1629809663681694
541,0.5023909890529492
542,-0.16432090540915448
543,-0.2145790895755939
544,-0.14284003782155674
545,0.09217484038183812
546,-0.31629662639810696
549,-0.20114689441195507
550,-0.06040104152672815
551,-0.3229261114343809
552,-0.2696128792751546
554,0.05516790287660062
556,-0.3319707892486882
557,-0.026133997114627466
558,-0.1980064672206037
559,-0.3129830211005145
560,-0.1663137237141599
562,-0.06915411058243498
563,-0.09656029877517461
564,-0.3055507279002331
567,-0.035998473267269765
568,-0.12181652230186277
569,-0.09616463269048008
570,-0.19719857830999488
571,-0.07188290279955928
572,-0.2389193788041826
573,-0.2723702638662078
574,-0.08838395477500044
575,-0.11046472706930323
576,0.15836491189467486
577,-0.12238313823805809
578,-0.1723179357229214
579,-0.03262076031863062
580,-0.19528765883701532
581,-0.16742317094915363
582,-0.059670021941144305
583,-0.041423902174644485
584,-0.15282186992294294
585,-0.35438447653534566
586,-0.09699764259519696
587,-0.29908283621457477
588,-0.09115341529198885
589,-0.13003436806707971
590,-0.05766884648408517
591,-0.21512564702685064
592,-0.2571248155159919
593,-0.10183811820795684
595,-0.17646405862274395
596,-0.44267757414592357
597,-0.2841920940820459
600,-0.012443695470476327
601,0.10146625966894095
603,-0.1136474856628979
604,-0.12248197589452638
605,-0.21455079410551042
606,-0.1297077152350095
607,-0.3020202088752648
608,-0.2392574766297531
609,-0.2616057021834284
610,-0.2563211488698302
611,-0.308438486307609
612,-0.6564587877329401
614,-0.16998799026029987
615,-0.018664831096400623
617,-0.12494081008611019
618,-0.19783160200625202
619,-0.22165954393144693
620,-0.1056292863938744
621,-0.3559693282155023
622,-0.13988802382747959
623,-0.11459522955386818
625,-0.31046741553923507
626,-0.4971657901539727
627,-0.7622240247687009
628,-0.05928974807685851
630,-0.030396243844347366
631,-0.13368085568367727
632,-0.07059454419168576
633,-0.2169025054587358
634,-0.5549114093208904
636,0.018301036496807532
637,-0.43211562721750124
638,0.1039125615597945
639,-0.13784790996213994
641,-0.13543051180251076
642,-0.047171806069459137
643,-1.121930584185338
645,-0.5209172050328602
646,-0.18916009650509769
647,-0.1474052306432291
649,-0.8080779547996374
650,-0.19630080171792788
651,-0.2765310097883567
652,-0.09983358542157031
653,-0.10472301799659134
654,-0.04943490481143574
655,-0.2131406001419961
657,0.07618318760886211
658,-0.34221405431703117
659,0.15830219642282436
660,-0.10015936156366155
661,-0.3423590892078241
662,-0.050433325764989156
664,-0.38980298113794537
665,-0.6515030906106417
666,-0.16852959355034466
667,-0.17371602598779565
668,-0.3430751861361302
669,-0.2795432374767081
670,-0.3792256897427097
671,-0.44936314354398404
672,-0.2425451863057706
673,0.06080633966963269
676,-0.33471802441086523
677,-0.061682788649631594
678,-0.6271824067638159
679,-0.11059121400470662
680,-0.20453311568464183
682,0.11155131025592453
683,-0.2541906962788457
684,0.010096650093415696
685,-0.34959978715126766
686,-0.07638122348223526
688,-0.37780769800831576
689,-0.09092674382700967
690,-0.17552752132337307
691,-0.08557263771647249
692,-0.5463883194787879
693,-0.41002277729263764
695,-0.06787798250836262
696,-0.21850414669909654
697,-0.1324466877872702
698,-0.02895315793024329
699,-0.14322773283775306
700,-0.011741371741590338
702,0.03373210157237002
703,-0.2381293086883902
704,-0.06500173072682733
705,0.024268448903649226
707,0.004839950887326883
709,-0.5158133137367203
710,-0.225475519931246
711,-0.08713249377969512
713,-0.06844732711026641
715,-0.08004751367891624
716,-0.12917024144449538
717,-0.0599717463556693
718,-0.06441697619675366
719,-0.28231080739094744
720,-0.26236439576532955
721,-0.2275651957109896
722,-0.2615924722386763
723,-0.2778032740614468
724,-0.15980070978733707
725,-0.09704291506910229
726,-0.03271633357957988
727,-0.2903319798647872
728,-0.03201910396324454
729,-0.19595640251133456
730,-0.006237716062732169
731,-0.2686056709710168
732,-0.26461632337596724
733,-0.13783797517378604
735,-0.16823182770511105
736,-0.2228486703977773
738,-0.0973525977348106
739,-0.09167756894922313
741,-0.27794346739138537
743,-0.1062792131406429
744,-0.014895013166054025
745,-0.09607786911802724
746,-0.18797192749115268
748,-0.14271383904608306
749,-0.08841391157751603
750,-0.0047391816660842636
752,-0.5895111843692016
753,-0.3316980134632784
754,-0.21084284961939875
755,-0.26028474665655277
757,-0.0938875795607401
758,-0.297613364879039
759,-0.21053410277112086
760,-0.04907655194857476
761,-0.5278984816284471
763,-0.4277358937592506
764,-0.09124221604241753
765,-0.32339365250533614
766,0.008627086637998781
767,-0.18233032450423386
768,-0.08876816796983658
769,0.01003742982621873
770,-0.20536825635291672
772,-0.5176496875621479
773,-0.36309941170272475
775,-0.2649501778557023
776,-0.043908819605205804
777,0.09082997039877692
778,-0.2063809139075308
780,-0.3620010140672619
781,-0.2888399928279539
782,-0.6072034026436758
783,-0.4401609579493573
784,-0.1344932347323175
785,-0.01852581791266493
786,-0.10459700495658564
787,-0.1740104576659416
788,-0.37662488668661503
789,0.0012116063359192968
790,-0.15196917983035646
791,-0.12480632654317317
792,-0.07005819615236564
793,-0.04796853173341147
794,-0.04062728777019218
795,-0.2927095311370054
796,-0.01287582221120938
797,-0.41611173769976034
799,-0.012144579073288617
800,0.0693595237988336
801,-0.21145970839306585
802,-0.08467864950144662
803,-0.41404662217607674
804,-0.6643559835814682
805,-0.29055243991969076
806,0.08618932741931883
807,-0.022079319156051134
808,-0.03135823756242769
809,-0.12718100693178158
810,-0.005543318180326816
811,-0.011436222080226242
813,-0.40211887189628076
814,-0.126616367638246
816,-0.17638168271847512
817,-0.180123048218395
818,-0.24712344091650337
820,-0.10403593934332783
821,-0.09887617353212645
822,0.04827948491943042
823,-0.20076667761733683
824,-0.5146132994002465
826,-0.10539834114168181
827,-0.158861769037158
828,-0.19094395723964527
829,-0.6610500966351645
830,-0.07597570386489451
831,0.3483221205617212
833,-0.24145602196764604
834,-0.41416474101160655
835,-0.16549898278474148
836,-0.4457947422906578
839,0.015870493215952547
840,-0.17070810104743364
841,0.016196246585057767
843,-0.03808385745260883
844,-0.21403261284185873
845,-0.05386085168555393
846,-0.33992105258178373
847,-0.06781033360470315
848,-0.007677078548570163
849,-0.06507869819068215
850,-0.2955801414093712
852,-0.20570794910079093
853,-0.25001217454869706
854,-0.428801597496313
857,-0.07228253438534248
859,-0.0669778827422892
860,-0.13066144182312403
862,0.10361175503896666
863,-0.17111396624043765
864,0.05597093493825511
865,-0.12638997328314872
866,-0.11280962361323893
867,-0.07744243522030736
868,-0.06084220224064189
869,-0.18051181054770682
871,0.033991380954396716
873,-0.15938210944797299
874,-0.031576502533461386
876,-0.09956241983555549
877,-0.08455616861157232
878,-0.1683348123790929
879,-0.16849198386241473
880,-0.33221460417816834
881,-0.19385860642437952
882,-1.1344605126196807
883,-0.20379327970033717
884,-0.5593491758098703
885,-0.07640582066986537
886,-0.3393689265508371
887,-0.050796622205286794
888,-0.7628977106653727
889,-0.22405621277028684
890,-0.21040374438137235
891,-0.07645345381004179
892,0.02077938807538009
893,-0.4052114521335914
894,-0.15706073557528566
895,-0.5538143390577408
896,-0.7325313420954171
897,-0.16609431064944727
899,-0.000129722854422084
900,-0.04742827804923682
901,-0.4238977503969691
903,-0.11765199047047105
904,-0.12503174696811883
905,0.006801517210407325
906,-0.18926982881690094
907,-0.443323254450142
908,-0.09274761345588739
909,-0.032929908625507785
910,-0.13464843812596078
911,-0.1945703869918452
912,-0.14135469420070634
915,-0.21014305661837412
916,-0.22589380990265778
918,-0.09832441642292371
919,-0.12120753367027383
920,-0.13791391803501438
922,-0.10943725831963855
923,-1.0255773033354947
924,-0.03242977328015699
925,-0.04329992123243862
926,-0.28158355510087973
929,-0.40797848832910466
930,-0.3116910753535998
931,-0.24924000605149144
932,-0.16308268665923517
933,-0.529759421893684
934,-0.1271981002557757
935,-0.19260699434080755
936,-0.04039585624436332
938,-0.15139057231834444
940,-0.30086580791401907
941,-0.20015345341793508
942,-0.5331836811872025
943,-0.32679023126511675
944,-0.13438900665735953
945,-0.19977665044436288
946,-0.3517656666755811
948,-0.5016437450494197
949,-0.29169567593000223
950,-0.26494967857866314
951,-0.004295238495372717
952,-0.2836944376076922
953,-0.10500251769060279
954,-0.5759704969089157
955,-0.17681306757611073
956,-0.17607061493393933
957,-0.1798061931137721
959,-0.10031686490520038
960,-0.10583233447491484
961,-0.32661310333711274
963,-0.04011927031219698
964,-0.353146132833918
965,-0.015613355385733533
966,-0.2887270579058799
969,-0.4342906254340228
970,0.09698163352899335
971,-0.04016580514097867
972,-0.2705023096115268
973,-0.10469638058660402
975,-0.1909466718669755
977,-0.526367289953088
979,-0.04328522160793665
980,-0.0976037066405242
981,-0.09968610831718884
982,-0.16915387337786394
983,-0.07234368590429359
984,-0.24763845637440893
986,-0.28190778607534567
987,-0.12441149575268909
988,0.018458124716672
989,-0.26931488690084754
991,-0.32669660115952504
992,0.05117522430199937
994,-0.2173599793224802
995,0.03831741534714872
997,0.06376009583472211
998,-0.1854364331719345
1003,-0.21150345466119944
1004,0.03511148945210482
1005,-0.20566348226655845
1006,-0.08770383002756116
1007,-0.21162283130068585
1010,-0.03279315491435398
1012,-0.11192691649583991
1013,-0.04057696403482342
1014,-0.2886131524951127
1017,-0.3955513355455337
1019,-0.023618785087593352
1020,-0.457766402130954
1021,-0.1449487953739596
1022,-0.11410796429919784
1023,-0.6721406211543978
1024,-0.1591795931877773
1025,-0.21471000688642353
1026,-0.34860391294108467
1027,-0.10196249585787605
1028,-0.1171302330949682
1029,-0.2615109464628253
1032,-0.2592282900392259
1033,-0.18275210109288165
1034,-0.13584034499586625
1035,-0.14512238027969154
1039,0.022860622647785458
1040,-0.08711587775201839
1041,-0.3793212316949474
1042,-0.41618294855783783
1043,-0.011564415637122459
1044,-0.4389387006771504
1045,-0.294453575975664
1046,-0.8263572559733945
1047,-0.14211708096126643
1048,-0.803122120827719
1049,-0.00393980943334156
1050,-0.19027970754003068
1051,-0.3435687179469944
1052,-0.06353744435360148
1053,-0.18892050070826705
1054,-0.12604242350764625
1055,-0.0009663395990345013
1056,-0.37640900322507725
1057,-0.0883928762526527
1059,-0.12316820900050723
1061,-0.10150595917472627
1062,-0.40402605538443714
1064,-0.07003334621876178
1065,-0.2931382516431559
1066,-0.31471666385470193
1067,-0.11766583539347075
1069,-0.14283772716630241
1070,-0.00040343169758730936
1071,-0.8153239492355416
1072,-0.17920643332809946
1073,-0.018922189445756753
1074,-0.20340826936973697
1075,-0.2858084647406653
1076,-0.011288239095058304
1077,-0.12133381716749961
1079,-0.1597412400516863
1081,-0.6047434419720266
1082,-0.008013800144979146
1083,-0.2366838461937709
1085,-0.09609886324491829
1087,-0.15720322030761053
1088,-0.4810546523431364
1089,-0.21348672889634537
1090,-0.06824065317409797
1092,-0.10602994342256258
1093,-0.11924138428274843
1094,0.008972938350767748
1095,-0.14317422165700824
1096,-0.036090758679634606
1098,-0.6588901907539576
1099,0.308867218519312
1100,-0.0344030461998144
1101,0.018049819921517496
1103,-0.09878343493880158
1104,-0.24274672301679331
1105,-0.3411561330571222
1106,-0.023407407632134523
1108,-0.12409208313260638
1109,0.03693025949327559
1111,-0.6110661441783247
1113,-0.14632102691169027
1114,-0.280169323248117
1116,-0.08454346107148886
1117,-0.3833152879707065
1118,-0.23354115136768458
1119,-0.11784826200572089
1120,-1.2499330409952452
1121,-0.25801857023772673
1122,-0.30764533230142876
1125,-0.16706036562713908
1126,-0.17234055245778188
1127,-0.073110630042835
1128,-0.16996441139236235
1129,0.09492514769752097
1130,0.018637843242466937
1131,-0.1619953563685638
1133,-0.13008296857693954
1135,-0.19464775269454515
1136,-0.1943969624919105
1137,-0.2877164329689508
1139,-0.12151550371665246
1142,-0.19479653801174024
1143,-0.2667335454204817
1144,-0.07595038133282354
1145,-0.35114078096487444
1146,-0.14676967033789165
1147,-0.19557255718299538
1148,-0.07563531531711379
1149,-0.9990636872780717
1150,-0.2795663812417975
1151,-0.3876864079254665
1152,-0.012562548170741575
1153,-0.12611106823666235
1155,-0.21048997525833618
1156,-0.23790088485257835
1157,-0.049191843805882346
1159,-0.183864475427518
1160,-0.10177254904032085
1162,0.2670820356847217
1163,-0.28273714499717617
1164,-0.27136641612788953
1165,0.10417564394098174
1166,-0.05963914498879436
1167,0.035901408020024124
1168,-0.11560736419015588
1170,-0.41932260428465096
1171,0.011610411352050267
1173,-0.11110436515386454
1174,-0.4563883725728643
1176,-0.16263022819570894
1177,-0.028445807739801612
1178,0.060538085587660606
1179,-0.35876363668757055
1180,-0.16494764522035382
1181,-0.10304468095916135
1182,-0.08283575351307958
1183,-0.04547155080245749
1184,-0.239026406006084
1185,0.20428128923613798
1187,0.015999080408177404
1188,-0.13608213898060487
1189,-0.146171450767514
1190,-0.33034507083220765
1192,0.14568396568968106
1195,-0.4180341880326752
1196,-0.15373963187868586
1197,-0.26376254226048873
1198,-0.19605563393442366
1199,-0.11549904153673284
1200,-0.3264803240028687
1201,-0.17402862202799652
1202,-0.26136122820577956
1203,-0.2334404195025958
1204,-0.03327816641653168
1205,-0.6080701356709376
1206,-0.6575823410706894
1209,-0.059028184490053245
1210,-0.053588977975028
1211,-0.22598347879494943
1213,-0.18613416197898164
1214,-0.0838338330834128
1215,-0.14918132270912954
1216,-0.20290303312071084
1218,-0.2003535248655629
1219,0.03708936704486224
1220,-0.16169917999048278
1221,0.055253059061155164
1223,-0.2609418488206584
1224,-0.11327210467142759
1225,-0.019919547302125622
1226,-0.2458884250779024
1228,-0.043536209348972316
1229,-0.17295504430750427
1231,-0.3192204315983186
1233,-0.19284889909151562
1234,-0.1892164624424365
1235,-0.03410838259971337
1236,-0.1610234711409379
1237,-0.4545588035812172
1238,-0.06132255276354004
1239,-0.3457777028698823
1242,-0.22112392581116963
1243,-0.024401205700031268
1244,-0.3710392595160522
1246,-0.2616929221802914
1247,-0.17612663861998107
1250,-0.17572889121711593
1251,-0.14481153092317772
1252,-0.6179332666463276
1253,-0.14050494021499624
1254,-0.06265227809318198
1255,-0.18381543578167314
1256,-0.17990590877763932
1257,-0.21193698240831976
1259,-0.6747290181481094
1260,-0.1540228771670843
1261,-0.1667805458640918
1262,-0.22813741552297004
1263,-0.30313780663971607
1265,-0.34832401470997926
1266,-0.17054376290605908
1268,-0.35228131537713836
1269,-0.4011680438849429
1270,-0.1981627036726536
1271,-0.12143698150720901
1272,-0.08671812403784268
1273,-0.09890759355391332
1274,-0.06587021531811818
1275,-0.12997834603966596
1278,-0.2722149330789713
1279,-0.07346289633334763
1280,-0.10755179095755377
1281,0.06111822433546464
1282,-0.16097162705697737
1283,-0.3041522229751363
1285,-0.046738451799043935
1287,-0.05972908463783236
1288,-0.025211927253615585
1289,-0.5103771187222935
1290,-0.09834584938460063
1291,-0.34512654173847523
1293,-0.21542542847804563
1295,-0.6450667698845458
1296,-0.21706139146218825
1297,-0.05812335239727035
1298,-0.2508310988958245
1299,-0.10957047079919323
1301,-0.12032900183904532
1302,-0.1743388663587232
1303,-0.10995690644898591
1304,-0.04985352638034996
1306,-0.056606186664112004
1307,0.014473480500705387
1308,-0.15042381144047004
1310,-0.0914482753164372
1311,-0.16853148229114
1312,-0.06418458477441528
1313,0.0101469350521626
1315,-0.18629495310450805
1316,-0.09161982256047145
1318,-0.14432134544627184
1319,-0.11392998250429365
1321,-0.41085774921574497
1322,-0.304911240596611
1323,-0.07049734473047765
1325,-0.060086449551648075
1326,-0.3932404264753619
1330,-0.23043381710881583
1331,-0.01686292381041428
1332,-0.08985931179568785
1333,-0.2611983867369003
1334,-0.06774513730291734
1335,-0.3024727123046791
1336,-0.1693324678769485
1337,-0.10650696374016931
1339,-0.36988474928541487
1340,-0.15100132969744587
1341,-0.13445591694923997
1342,-0.1569020724589151
1343,-0.03074994614923958
1344,-0.20500377044312534
1345,-0.16803266255076213
1348,-0.47126819543984144
1349,-0.12970159832155637
1351,-0.0258522906561146
1353,-0.3484663579881132
1354,-0.2829807133023106
1355,-0.28096104669958266
1356,-0.26892339025836753
1360,-0.10504408965349801
1361,-0.052785854377559914
1364,-0.12406771893855979
1366,-0.4326208796198902
1367,-0.4211600999734593
1368,0.2094646648767364
1371,0.11654671156321973
1372,-0.9147173408078538
1373,-0.4719141474908659
1374,-0.11422179509047302
1375,-0.15739946680001238
1376,-0.21604524801248357
1378,-0.30637130210297747
1379,-0.15606220353446648
1383,-0.1901103496585356
1384,-0.21712833177174554
1386,-0.3573220398556403
1387,-0.6069232903580714
1388,-0.06547673331331043
1389,-0.31661674312127863
1390,-0.2906774037511392
1391,-0.10901868322318535
1392,-0.3669274526147733
1393,-0.11115235094978126
1397,-0.3944630247178213
1399,-0.08491583928899783
1400,-0.1787033052971202
1402,-0.3289509866926632
1403,-0.5213003853953162
1404,-0.4124329724007338
1405,-0.1512911227617857
1406,-0.023631830631733696
1408,-0.32431345337278256
1409,-0.14248369362129049
1411,-0.17913413247369647
1412,-0.056503749147974056
1413,-0.2790704801427488
1414,-0.026279933824989114
1415,-0.18299967263138409
1416,-0.002035229254796688
1417,-0.6572798031634813
1419,-0.2829618491738795
1420,-0.03303423340278124
1421,-0.1303566368591939
1423,-0.8177528926231453
1425,-0.08581940829289404
1426,-0.2755333674910769
1428,0.20201806194864694
1429,-0.27260998281197063
1430,-0.41697753072457466
1431,-0.21761770196624636
1432,-0.480216582861894
1433,-0.303011735795158
1434,-0.6291804758861855
1435,-0.21191369752167155
1436,-0.19201356633771943
1437,-0.398055647606446
1439,-0.23132129879107302
1440,-0.44464306082209815
1441,-0.49677367825147534
1443,-0.14058079713604135
1444,-0.29947493628673966
1445,-0.29858628280553545
1446,-0.12935810817709195
1447,-0.19532534353455214
1449,-0.08049192184223188
1450,-0.25199727795310395
1451,-0.07643322804680847
1452,-0.06625250441615413
1453,-0.08503543080681235
1454,-0.3678289364355841
1455,-0.4003908294264425
1456,-0.37564468163480547
1457,-0.0832837290686562
1459,-0.1452865616879758
1460,-0.3718678193381452
1461,-0.2714816903908388
1462,-0.11192961134113476
1463,-0.07331154683005849
1464,-0.13711314303086908
1465,-0.08197284920879781
1466,-0.08343067259661485
1468,-0.06193610163994492
1469,-0.012280562930961008
1470,-0.04916282505382971
1471,-0.20884544514407774
1472,-0.15476627391901054
1473,0.005225040380770372
1474,-0.14639671972979626
1475,0.030668021364178365
1476,-0.027804500015198973
1477,-0.1635366356608546
1479,-0.24643235432088426
1481,-0.13829719941491356
1482,-0.14018014505068796
1483,-0.25858550981914336
1485,-0.07232259467700762
1486,-0.23597989123596894
1487,-0.32147845386701634
1488,-0.030359148380004985
1489,-0.33261107579330274
1490,-0.0621702930360119
1491,0.029756633767020813
1492,-0.47250594322723694
1493,-0.020001888904233704
1495,-0.18831811320685266
1496,0.015120773995883888
1497,-0.3249543590521854
1498,-0.15974351542362772
1499,-0.15385248361620568
1500,-0.3488987095946284
1502,-0.46377147590580203
1504,-0.07975662004154767
1505,-0.28262748303137947
1506,-0.17091392292471755
1507,-0.00014580702072669303
1508,-0.6965424112700784
1509,-0.23515552442711243
1510,-0.14965917263740136
1511,0.0270896957339059
1512,-0.12615892174285534
1514,0.12115503844928721
1516,-0.16809208735143838
1518,0.02655276424884326
1519,-0.0883165305174412
1521,-0.2538163944659159
1522,-0.030533267976463795
1523,-0.3936155127749872
1524,-0.07391469268790352
1526,-0.12738820658559466
1527,-0.22747799525113002
1528,-0.06705233479125225
1529,-0.3709914916207734
1530,-0.09850557337247462
1533,-0.31256296673536604
1534,-0.1616294261430567
1535,-0.11643203754767437
1536,-0.022637676658890687
1539,-0.26845594303676606
1541,-0.10507472576695218
1542,-0.11025907480333715
1547,-0.05951148109276777
1549,-0.053926887492568826
1550,-0.47073195948430374
1553,-0.047761294738761464
1554,-0.1808076016432116
1555,-0.02770907399302324
1557,-0.44270241618403033
1558,-0.31502462190726793
1560,0.03943060631934408
1562,-0.07684961298569483
1563,-0.07910914286133078
1564,-0.1362265039552038
1567,-0.3394889100596709
1568,-0.25514389429743767
1569,-0.11162623171302186
1570,-0.07390763904699556
1572,-0.13263162199204176
1573,-0.13452214043589708
1575,0.12972549868684166
1576,-0.09062121275418052
1577,-0.24673103604260363
1578,-0.254473916884772
1579,-0.13683755867269243
1580,-0.05447324621327775
1581,-0.07305454068214236
1582,-0.05994271516500386
1583,-0.1606971727869461
1584,-0.4480177348585254
1585,0.0008637683046308296
1586,-0.35074674833871605
1587,-0.3297687877224443
1588,-0.5009697166904278
1589,-0.1334202065084323
1590,-0.26369280666504913
1591,-0.19930244326504062
1592,-0.19479170554659356
1593,-0.21042947835719591
1594,-0.06509202861826166
1595,-0.0036068090986590405
1596,-0.05118442227493986
1598,-0.2210813109735235
1599,-0.03659699803899236
1600,-0.2795437044834668
1601,-0.07283373990609608
1602,-0.12533442185388505
1603,-0.09385054517170568
1604,-0.2026539292067094
1605,-0.10018718325806383
1606,-0.2637755050346131
1607,-0.48749997128987904
1610,0.039833066894398056
1611,-0.17701347288386932
1612,0.12146785492816435
1614,-0.4980021892984118
1616,-0.1741363939399897
1617,-0.5555404576181132
1618,-0.14055070860707747
1619,-0.027338917461906927
1620,-0.22866926844086188
1621,-0.21602950828224043
1622,-0.17439877387238686
1623,-0.10839758680658924
1624,-0.05241886463732902
1625,-0.04585152475829276
1626,-0.13706717851216263
1627,-0.3900858815284488
1628,-0.24521618500586367
1629,-0.21481145845606087
1630,0.011914954693738775
1631,-0.29518392856418274
1632,-0.10802896866777341
1633,-0.2374369089687357
1634,-0.2283528771665569
1635,-0.16901881961910736
1636,-0.15612543252532365
1637,-0.2069057399607825
1638,-0.057907361869677536
1639,-0.06635070003580587
1640,-0.21396868161139365
1641,-0.17692243069595673
1642,-0.13965530841828933
1643,-0.09018948705200859
1646,-0.22733340690077344
1648,-0.16994996933910447
1649,-0.36569835661371497
1650,-0.03103209761274583
1651,-0.22312212811280233
1655,-0.28845054801860476
1656,0.08590986940598998
1657,-0.08125270575796036
1658,0.18640311758304332
1659,-0.5418844692703817
1660,-0.08720976916964149
1661,-0.06491163720997367
1662,-0.2637152164737451
1663,-0.4247440459359621
1664,-0.14912916533747397
1666,0.06062363520759877
1667,-0.10424387138872951
1668,-0.19680224721447961
1669,-0.07307466738339605
1670,-0.1853223574753574
1671,-0.22792483023048887
1672,-0.1256654229038375
1673,-0.24952636446423768
1674,-0.23048971765411197
1675,-0.8072687224223016
1676,-0.2300707890633574
1677,-0.010393744209418791
1678,-0.1385600340568767
1680,-0.23008561666094615
1682,-0.47409631402783003
1683,-0.1758513914024223
1684,-0.603435123225325
1685,-0.044231461987419306
1686,-0.06882259243592276
1687,-0.08171560877719147
1688,-0.4667323251145506
1689,-0.1019277514503768
1690,-0.1325939689147658
1691,-0.363536186455049
1692,-0.12053183458439679
1695,-0.7372678371191304
1698,-0.051205978245023896
1699,-0.08463149324471915
1700,-0.20458552193548465
1702,0.013341997946158219
1703,-0.1804217926187156
1704,-0.1290710489140686
1705,-0.022599989929974754
1706,-0.3775593525867416
1708,-0.19802421007054077
1709,-0.3231772480254677
1710,0.005336659842379602
1711,-0.12067511248015732
1712,-0.46393715721219314
1713,-0.09542429694536557
1714,-0.3309070421675194
1715,0.09726726413802146
1716,-0.8084008486807076
1718,-0.23574100031136422
1719,-0.08494235157112358
1720,-0.09459059133563204
1722,-0.2049100323608149
1723,-0.11811636813657107
1725,-0.1500221877350319
1726,-0.22576269528034032
1727,-0.12279188968473914
1728,-0.305931514827329
1729,-0.24437057271988494
1730,-0.13317904501317296
1733,-0.32386067356083736
1734,-0.39802657047607337
1735,0.037080682484883554
1737,-0.18218290901286519
1739,-0.3746095585473442
1740,-0.047789712971287174
1742,-0.43980889042977517
1743,-0.006944035405260672
1744,-0.3894958872102171
1745,-0.5821985551419557
1746,-0.17555146168526933
1747,0.03231426985746398
1748,-1.0989611274804525
1749,-0.4919370952373732
1750,-0.22607553869997823
1751,-0.018499921498460213
1752,-0.07686417867989419
1753,-0.19159281966433164
1754,-0.2653503530439266
1756,-0.10439487335359326
1757,0.008103284085356492
1758,-0.2838860845343268
1759,-0.13952538831399416
1760,-0.4266656809892692
1761,-0.15151761613045767
1763,-0.3698797576561725
1764,-0.15469675272987368
1765,0.0021858661881639413
1767,-0.07807787613672773
1768,-0.17145366894263908
1770,-0.2023023260094146
1771,-0.25358393048572897
1772,-0.0995631107242742
1773,-0.08467949466443966
1774,-0.07024758076695091
1775,-0.05799375443111582
1777,0.10900873468300483
1778,-0.10265031604289504
1779,-0.299390548249384
1780,-0.1322174840654671
1784,-0.3367968060726877
1785,-0.2095198588109261
1786,-0.15204214926003587
1787,-0.15240383006598338
1789,-0.04617629669065019
1790,-0.31076737277069083
1791,-0.7947211992363857
1793,-0.20470886960452161
1794,-0.11188533808020426
1796,-0.1932430014497428
1797,-0.056386973624309784
1798,-0.11238381209691743
1799,0.0580177669157932
1801,-0.19876328809103821
1802,-0.3135934344707814
1805,-0.20600204093804692
1807,-0.24992539008240053
1808,-0.3944022275355657
1809,0.033301554067152954
1810,-0.08069381015504662
1811,-0.9006933906986823
1812,-0.08211627383236825
1814,-0.3996960076815302
1816,-0.0904882305211481
1817,-0.13999191573090455
1818,-0.20361132945990842
1819,-0.11622045779940164
1821,-0.06887727308513467
1822,-0.11843784618557765
1823,-0.08814758477508527
1824,-0.12919222462415733
1825,0.0478939561161435
1826,-0.21562186414556309
1828,-0.32545948443293393
1829,-0.09683593569944197
1830,-0.24347980281907822
1832,0.09120674722658348
1834,-0.22890003067130438
1835,-0.04123193446313972
1837,-0.17672344054138914
1838,-0.1376306810297422
1839,-0.37518068203177607
1840,-0.14942397521620693
1841,-0.05453023999326626
1842,0.09076801485649354
1843,-0.049385955012191146
1844,-0.25283193301986845
1845,-0.3804360012089785
1846,-0.19484586681426963
1848,-0.127353865340997
1850,-0.08534755320804661
1851,-0.2386286690256523
1852,-0.17407289585128344
1853,-0.25003174826798663
1854,-0.0896154639445881
1855,-0.038670619152041646
1856,-0.9263430000232389
1857,-0.46620436808043736
1858,-0.2518958305954004
1859,-0.4155297901172386
1860,-0.19073131256337403
1861,-0.3772803860178159
1862,-0.11263967845407058
1863,-0.18993632503196667
1864,-0.3655960519051258
1865,-0.41611743250969013
1867,0.06286560367841082
1868,0.019503716526201056
1869,-0.20065340854669475
1870,-0.16217690735238655
1871,-0.01479716582895815
1872,-0.2458567798332199
1873,-0.1323655804527649
1874,-0.26439188158415944
1875,-0.3907678310076444
1876,-0.12740346033189023
1878,-0.042199948664983736
1879,-0.37723412991712457
1880,-0.17796195439289997
1881,-0.16732753424554797
1883,-0.48602410824541376
1886,-0.28288680028799057
1887,-0.1904325741477668
1888,-0.06464859246684027
1889,-0.21038687599592953
1890,-0.09054873316941811
1892,-0.4223144005659494
1893,-0.20154910481490035
1896,-0.24784605479578548
1897,0.028623278961629587
1898,-0.25487395632405707
1899,-0.22629657374019502
1900,-0.12356061022122304
1902,-0.30928344881333736
1903,-0.0534226196279121
1904,-0.10829771857248238
1905,-0.3403171093496926
1906,-0.4753707049353622
1907,-0.26886982232942386
1909,-0.27702293373272474
1910,-0.16616249426678578
1912,-0.08395138118653052
1913,-0.06041651493850944
1914,-0.1217335776230077
1915,-0.23301749413460154
1916,-0.15999991122159993
1917,-0.12150675234667054
1918,-0.38060753941403674
1920,-0.05178505902811916
1921,-0.1309027761387378
1922,-0.5448037510974876
1924,-0.049663514708238675
1925,-0.039704456054620064
1926,-0.01025993615357447
1927,-0.24654645088173505
1929,-0.09948415181651966
1930,-0.20486641097311742
1931,-0.2002755458714612
1932,-0.05080298481048583
1933,0.056475963624750644
1934,-0.24235914939514133
1935,-0.28580404270687376
1936,-0.2934700107748917
1937,-0.3627211952559682
1938,-0.45370781691444995
1939,-0.00938806105250359
1940,-0.41591524447499856
1942,-0.18587435495489182
1943,-0.6000885352458578
1944,-0.18402347869886412
1946,-0.2403813148407037
1947,-0.09077862696344498
1948,-0.0647774923133195
1949,-0.5453310156187148
1950,-0.11324070439083501
1951,-0.11098725102978696
1954,-0.020526092629869007
1955,-0.23144540611749
1956,-0.30585100220510275
1957,-0.1795890132895376
1958,-0.34036338405484157
1959,0.030469465873953747
1960,-0.2505368804961617
1961,-0.13914558615092198
1962,-0.11860633810517998
1963,-0.24287415099400936
1964,-0.2329907196944421
1965,-0.2474224942422364
1966,-0.1479388633303879
1967,-0.23890558564833606
1968,-0.07684985066277306
1970,-0.08971822402361197
1973,-0.04739571567262046
1975,-0.19085789669193462
1976,-0.23691179145375904
1977,-0.07429054517355183
1979,-0.33717636697266556
1981,-0.07545066488119494
1982,-0.36627099572189903
1983,-0.11920734749766701
1985,-0.1986176615459008
1986,-0.17859959959796778
1987,-0.5341481385960738
1988,-0.2750639718045481
1989,-0.16658018082520418
1990,-0.0921226513714091
1991,-0.38435107126486384
1992,-0.03846114596738155
1993,-0.05171204589840176
1994,-0.0853204214613608
1995,0.18211688165958864
1996,-0.11873869902441896
1997,-0.16686559241056015
1998,-0.4467251619593343
1999,-0.17221872698091606
2000,-0.0785625458155282
2001,-0.4084729060773377
2002,-0.29869870181415076
2004,-0.20271129377299604
2005,-0.5587728073715116
2006,-0.18352926541101783
2009,-0.21558640311220614
2010,-0.2324859460410744
2011,-0.22633485152519406
2012,-0.7132227726466978
2013,-0.32884527324881413
2014,-0.2646507827709367
2016,-0.29478649501315063
2017,-0.4332491022124037
2018,-0.27992743059271424
2019,-0.1079583742946879
2020,-0.35837205495409163
2021,-0.10381495782028896
2022,-0.19930127818842797
2023,-0.17539479396936475
2024,-0.07874004780024159
2025,0.05198634675185388
2027,-0.42931854720918283
2028,0.06852627632772883
2029,-0.048224554884256
2030,-0.005460251056658784
2032,-0.31881439883590773
2033,-0.2441903734918175
2034,0.024595355100388856
2035,-0.7070216202711272
2036,-0.4076424547140107
2038,-0.11395147169629458
2042,-0.1149400420861394
2044,-0.01551172249960634
2045,-0.07409759140306808
2046,0.013211428951610553
2047,-0.5833362636328848
2048,-0.2813834417551521
2049,-0.1572482660288338
2050,-0.1937239762915789
2052,-0.47046264798385895
2054,-0.15865656442381673
2055,-0.3390643785253601
2058,-0.015629115018971424
2059,-0.2506566311536364
2060,-0.4056776408238425
2061,-0.27641700357570653
2062,-0.2588947151390893
2063,-0.06150916206699438
2064,-0.17504323799266278
2065,-0.24797423841154861
