group_id,COMMODITY_DESC,all items backward,all items forward,all items random,single UPC backward,single UPC forward,single UPC random,fail_single_UPC_forward,fail_all_items_forward,fail_single_UPC_backward,fail_all_items_backward,fail_single_UPC_random,fail_all_items_random,n_failed,fails_any,fails_random_only_tests,fails_backward_tests,actual_price_coef,actual_p
0,APPLES,0.1120075145752066,0.0052644421085025,0.0514848913200595,0.3532279284589064,0.6279994462491197,0.0397525611589016,False,True,False,False,False,False,1,True,False,False,-0.6754244259880219,2.2613797230235762e-09
1,BABY HBC,0.7299450888841542,0.2203522756536724,0.2448804181477808,0.1043128820164217,0.1615842513377698,0.7715477623682513,False,False,False,False,False,False,0,False,False,False,-0.905667614448478,0.0007617591920828
2,BACON,0.1477229850420034,0.7192391145064954,0.6698711897972043,0.6404252604519773,0.6014580128671274,0.6014580128671274,False,False,False,False,False,False,0,False,False,False,-1.1914506034994874,1.7900935272292644e-71
3,BATH TISSUES,5.037278611972813e-18,5.264850184482621e-12,0.4969803526276173,0.0087560612199991,0.2421995624078625,0.372801680904946,False,True,True,True,False,False,3,True,False,True,-0.7249715906886112,7.103723360480802e-45
4,BATTERIES,0.0057989902425594,0.3539556540591975,0.1709797118041796,0.6902380555629233,0.4456585255312875,0.8372004032968257,False,False,False,True,False,False,1,True,False,True,-0.3463000839543261,0.0205062739973691
5,BEEF,0.0256730632368647,0.8197117095652513,0.0186414044248943,0.5055782084093359,0.0617256123691408,0.5055782084093359,False,False,False,False,False,False,0,False,False,False,-0.1616420220466773,0.0075411283086577
6,BEERS/ALES,0.2224348350244337,0.4652997226999974,0.1499216197424281,0.92932553619794,0.3467701097766107,0.92932553619794,False,False,False,False,False,False,0,False,False,False,-0.1674516653704305,0.286627115575517
7,BERRIES,1.5326601466991516e-18,6.920931690136707e-15,5.663427831493585e-07,2.7285480705226425e-06,6.126495734812268e-14,6.126495734812268e-14,True,True,True,True,True,True,6,True,True,True,-0.5797504290925967,7.807250233526934e-47
8,BLEACH,5.45723421678459e-05,0.0001861645665077,0.0984337469904281,0.8524551573094906,0.2432840020342968,0.5659925434910144,False,True,False,True,False,False,2,True,False,True,-1.6048028518327897,4.2093654281885004e-14
9,BREAD,0.0024629121202423,4.427776358894788e-07,0.3648370308688872,0.2810048183125796,0.4284848465098324,0.4317128011857003,False,True,False,True,False,False,2,True,False,True,-0.872994624521895,8.082988023196278e-08
10,BREAKFAST SWEETS,0.1315131099493708,0.4573788382409115,0.2629367085154154,0.9983179327770896,0.0042934409569046,0.0001749953554459,True,False,False,False,True,False,2,True,True,False,-1.4485845099304129,1.994037514501864e-43
11,BUTTER,0.9569492739932997,0.9990674199664308,0.7765115612919333,0.5197806870274644,0.7006369091480992,0.7006369091480992,False,False,False,False,False,False,0,False,False,False,-0.8047501962357785,3.5553192308448075e-24
12,CANNED MILK,0.0805750920590227,0.1387901321441661,0.0607890583607952,0.0939170359992309,0.0169060791707948,0.0080141584827101,False,False,False,False,True,False,1,True,True,False,-0.564111780026054,0.165449070512388
13,CARROTS,0.7346006804949093,0.5589269107286492,0.289067333728206,0.5344707013384182,0.047086189941028,0.5301640692750863,False,False,False,False,False,False,0,False,False,False,-0.5385480853543926,3.15201865561936e-10
14,CAT LITTER,0.5665752882543333,0.5286110640217137,0.6166852660425461,0.1942158520891002,0.2354162173316193,0.8852788520229106,False,False,False,False,False,False,0,False,False,False,-0.2515790754034772,0.089434824783483
15,CHICKEN/POULTRY,0.0072983508636644,0.3972281176222147,0.0024197682655792,0.3608194955807948,0.1941072653651253,0.2177647879155517,False,False,False,True,False,True,2,True,True,True,-0.4532114725312223,1.7080025228828842e-08
16,CITRUS,4.101749387069907e-18,0.000156964103601,2.0021615007556587e-11,2.3623237743089e-18,2.6948620096792574e-25,0.0024434572304302,True,True,True,True,True,True,6,True,True,True,-1.1969761032260702,6.162678116291869e-44
17,COCOA MIXES,1.510808119443787e-09,4.7025420204246994e-08,8.267987527059332e-05,0.3572610843247253,0.1678502352375142,0.5523250084534873,False,True,False,True,False,True,3,True,True,True,-0.9750511511884534,1.6890854842127998e-07
18,DISHWASH DETERGENTS,0.4474148537410027,0.2241616183310544,0.1129105473059257,0.071162980558653,0.947796210742014,0.9275488150212678,False,False,False,False,False,False,0,False,False,False,-0.0738697396012763,0.7889234485689764
19,DRIED FRUIT,0.0013234929495038,0.0052083852814546,0.5842174933483917,0.7521185790838302,0.9342306742876036,0.3147936935413788,False,True,False,True,False,False,2,True,False,True,-0.7360175258645272,0.0005763081189508
20,EGGS,4.4720893547333344e-08,0.5750003331418343,0.2453563017255221,4.8788055757918514e-11,0.0305884099095685,0.3307088606699405,False,False,True,True,False,False,2,True,False,True,-2.1717579066354875,5.174358717068387e-61
21,FACIAL TISS/DNR NAPKIN,0.0232494647205995,0.0217405978349173,0.6768279163626175,0.1865033893134904,0.422412921022115,0.0481600944097245,False,False,False,False,False,False,0,False,False,False,-1.1582145133120965,2.111195408663893e-06
22,FLOUR & MEALS,0.04961478263884,0.0401493677072156,0.8640731832279335,0.7099924814018296,0.2020878023376164,0.121428464852169,False,False,False,False,False,False,0,False,False,False,-0.6716292485841127,0.0008033962968265
23,FROZEN BREAD/DOUGH,0.400255675021544,0.1711364133844386,0.0893765567514564,0.004771943099922,2.1169290576067207e-06,0.0890280664508514,True,False,True,False,False,False,2,True,False,True,-0.7339151577861073,4.669323644228048e-05
24,FROZEN PIE/DESSERTS,0.0355644008180941,0.0273942268049735,0.5709294306840432,0.0042744900765324,0.9390887519503576,0.0606686982636162,False,False,True,False,False,False,1,True,False,True,-0.7129563542447063,0.004868408410616
25,HOT CEREAL,0.2969138647215064,0.4648782578217111,0.7870673645264378,0.664298783994065,0.6068010270464332,0.4054219321015996,False,False,False,False,False,False,0,False,False,False,-0.4285983618806563,2.485061661452727e-05
26,HOT DOGS,0.839902878743134,0.9434255144454098,0.0910749820736239,0.8654118037963279,0.0769248571606614,0.6985493759552013,False,False,False,False,False,False,0,False,False,False,-0.6183247184068537,1.452091220840451e-30
27,INFANT FORMULA,0.1064941765483918,0.835514817646805,0.8957702224184085,0.2527509576088579,0.0601869764398776,0.4627386952190636,False,False,False,False,False,False,0,False,False,False,0.11537578445447,0.2287734729669612
28,LAUNDRY ADDITIVES,0.0022004322686024,0.0096244587727297,0.177541680580529,0.3906534630690269,0.9338129503715014,0.2980223913754091,False,True,False,True,False,False,2,True,False,True,-0.7805324704095451,6.37804574352713e-06
29,LAUNDRY DETERGENTS,0.0429482236714528,0.0258875052433525,0.5532664658238614,0.3478811724111035,0.4417197448225032,0.2000179695349495,False,False,False,False,False,False,0,False,False,False,-0.3428905366834482,0.0236632531624549
30,MARGARINES,0.058500572465921,2.8800806165898343e-09,0.001392406350884,0.9013842022296767,0.1959329497818137,0.8507484619813142,False,True,False,False,False,True,2,True,True,False,-1.500431101723393,1.1656013805692416e-15
31,MEAT - MISC,0.1134841985626564,0.0267403753477238,0.1458805839972217,0.5378015233846818,0.253032582158423,0.5378015233846818,False,False,False,False,False,False,0,False,False,False,-0.332419994541345,7.902039071807197e-20
32,MUSHROOMS,0.9352521789493898,0.3177728115528558,0.2932276978892112,0.9809915192974326,0.2402000784477778,0.7006761191985795,False,False,False,False,False,False,0,False,False,False,-0.7446435020942637,1.236034518007424e-06
33,NEWSPAPER,0.8456696483829181,0.4611970542814034,0.3545596061404136,0.0001526854207078,0.6749580622562009,0.4864382369145661,False,False,True,False,False,False,1,True,False,True,-0.2809838673113607,0.2325407897120146
34,NUTS,0.0659394716786229,0.0301375110942122,0.4435524327248276,0.0351736379879768,0.6043172269563744,0.4011597936855997,False,False,False,False,False,False,0,False,False,False,0.2381001097226027,0.1307379776309827
35,OLIVES,0.0008712441570027,5.745522141910631e-07,0.0039339360863495,0.1409704846636708,0.1540679976988842,0.3104587410077877,False,True,False,True,False,True,3,True,True,True,-1.3701309675290634,3.8603030116612945e-10
36,ONIONS,0.5430907125534226,0.3506846977110714,0.1205108341010657,0.8223315676566215,0.459998407116694,0.5191821588012657,False,False,False,False,False,False,0,False,False,False,-0.2806197879731936,0.0262738694006332
37,ORGANICS FRUIT & VEGETABLES,0.0296844900316778,0.0001435551748857,0.2649030210124896,0.5727073633772686,0.900694076793677,0.0084456695502483,False,True,False,False,True,False,2,True,True,False,-0.394129315209578,0.0018546036156053
38,PAPER TOWELS,0.0077749257008678,0.0026245897808506,0.1620446234406206,0.0698148890114486,0.0824903354209956,0.050294501999689,False,True,False,True,False,False,2,True,False,True,-0.5197976311374388,8.189813037913052e-06
39,PICKLE/RELISH/PKLD VEG,8.567428430769133e-05,5.078933013954301e-05,0.6206996232957711,0.2232662794008023,0.2949778533425892,0.5256396987952116,False,True,False,True,False,False,2,True,False,True,-0.854541955226283,1.5935093252228164e-06
40,POPCORN,0.0004438787172073,0.0016805158582905,0.9387115117563876,0.1879430394240027,0.3019550247869631,0.0663977848400959,False,True,False,True,False,False,2,True,False,True,-0.6101277019415636,5.681685228382322e-05
41,POTATOES,0.0005246074956611,4.587678195975755e-05,0.0738732719387936,0.8545966730633499,0.4356327486822804,0.0992206588354567,False,True,False,True,False,False,2,True,False,True,-0.2799825620686929,1.9881332887405847e-06
42,PROCESSED,0.1205656132112925,0.4744783020713321,0.998336714463722,0.0077045903128822,0.7248573779191159,0.2894514893118779,False,False,True,False,False,False,1,True,False,True,-0.1358201477515879,0.3521849554769829
43,ROLLS,0.2677275703551468,0.3079284212555342,0.1460670861736161,0.8700916250573906,0.0234941604132539,0.7163190750163927,False,False,False,False,False,False,0,False,False,False,-0.0636441255789383,0.6441780913783394
44,SALAD MIX,0.6122875326671755,0.9309924922504488,0.3062606370663199,0.4748386910247303,0.425836954835974,0.4748386910247303,False,False,False,False,False,False,0,False,False,False,-0.8566155290157801,1.8384535318700865e-58
45,SEAFOOD - FROZEN,0.0001409016126742,0.0059904086018351,0.2303792685947738,0.077729395586628,0.1606733114493898,0.2491562047893117,False,True,False,True,False,False,2,True,False,True,-0.4101158017358072,1.5504266565740548e-13
46,SEAFOOD - SHELF STABLE,0.0035047169766371,0.7360509194582869,0.4494112866865362,0.6701219484305478,0.3546625960469828,0.5154759011556085,False,False,False,True,False,False,1,True,False,True,-1.0006459062946116,5.098460362491445e-06
47,SHORTENING/OIL,0.0004245489277838,0.0328446247712435,0.1349379875618745,0.2808063499694699,0.9439207783400712,0.3228401954099701,False,False,False,True,False,False,1,True,False,True,-0.9497142992185986,1.48088344032252e-12
48,SNACK NUTS,0.8301895120588728,0.5875568985878534,0.0955112763677497,0.9386667362457002,0.9282530877561764,0.8699681433088009,False,False,False,False,False,False,0,False,False,False,-0.3004464917565017,0.0631096527217339
49,SUGARS/SWEETNERS,0.0656651327183437,0.0226885734689259,0.1325402004897853,0.4367250063247326,0.0003807559789444,0.0914217414635795,True,False,False,False,False,False,1,True,False,False,-0.6225623809522027,1.1270447244628484e-07
50,TOMATOES,0.4444592178667207,0.0239691795878087,0.0788325509252793,0.2894879980196759,0.0368865531212338,0.2242455025128851,False,False,False,False,False,False,0,False,False,False,-0.4490728743271256,7.445058999614256e-12
51,TROPICAL FRUIT,0.7687950402304427,0.6728974743180578,0.5915673553516777,0.226975090642808,0.8429328612588427,0.2739533973404559,False,False,False,False,False,False,0,False,False,False,-0.7775937598464768,7.823572084811758e-09
52,VALUE ADDED VEGETABLES,0.7042989404868443,0.4663640632393259,0.7501452907967681,0.5185091186195113,0.7442523922309232,0.7087656183034374,False,False,False,False,False,False,0,False,False,False,0.3630285408905979,0.0451048214153359
53,VEGETABLES - ALL OTHERS,0.6470531179090564,0.6437914533823397,0.0004517596036976,0.0007767020737765,1.0360655823791286e-05,3.099684277280393e-05,True,False,True,False,True,True,4,True,True,True,-0.4006803604241902,0.0041833469152741
54,VEGETABLES SALAD,0.3948806203772965,0.4374834042699344,0.1998186535231384,0.6977681974760179,0.4813445206197826,0.3678339058520766,False,False,False,False,False,False,0,False,False,False,-0.5267418309590566,0.0086261057413452
55,WATER - CARBONATED/FLVRD DRINK,6.684076075403605e-06,0.0027384326504322,0.0204858556255501,0.0004183127334819,0.0113749983214231,0.5017386192979002,False,True,True,True,False,False,3,True,False,True,-0.7798828018751595,5.188754113921363e-07
